use uefa_champions_league; 
INSERT INTO entrenador (nombre, apellido, fecha_nacimiento, nacionalidad) VALUES
('Diego', 'Simeone', '1970-04-28', 'Argentina'),
('Jürgen', 'Klopp', '1967-06-16', 'Alemania'),
('Gian Piero', 'Gasperini', '1958-01-26', 'Italia'),
('Pep', 'Guardiola', '1971-01-18', 'España'),
('Sérgio', 'Conceição', '1974-11-15', 'Portugal'),
('Sergey', 'Semak', '1976-02-27', 'Rusia'),
('Stefano', 'Pioli', '1965-10-20', 'Italia'),
('Rúben', 'Amorim', '1985-01-27', 'Portugal'),
('Massimiliano', 'Allegri', '1967-08-11', 'Italia'),
('Simone', 'Inzaghi', '1976-06-03', 'Italia'),
('Carlo', 'Ancelotti', '1959-06-10', 'Italia'),
('Xavi', 'Hernández', '1980-01-25', 'España'), 
('Raphael', 'Wicky', '1977-04-26', 'Suiza'),
('Edin', 'Terzic', '1982-10-30', 'Alemania'),
('Paulo', 'Fonseca', '1973-03-05', 'Portugal'),
('Erik', 'ten Hag', '1970-02-02', 'Países Bajos'),
('Niko', 'Kovac', '1971-10-15', 'Croacia'),
('Roger', 'Schmidt', '1967-03-13', 'Alemania'),
('Marco', 'Rose', '1976-09-11', 'Alemania'),
('Henrik', 'Rydström', '1976-03-21', 'Suecia'),
('Thomas', 'Tuchel', '1973-08-29', 'Alemania'),
('Ronny', 'Deila', '1975-09-21', 'Noruega'),
('Mauricio', 'Pochettino', '1972-03-02', 'Argentina'),
('Luis', 'Enrique', '1970-05-08', 'España'),
('Gerhard', 'Struber', '1977-06-30', 'Austria'),
('Jose', 'Pacheta', '1968-03-10', 'España'),
('Burak', 'Yılmaz', '1985-07-15', 'Turquía'),
('Diego', 'Alonso', '1975-04-16', 'Uruguay'),
('Roman', 'Pilipchuk', '1967-09-12', 'Rusia'),
('Marino', 'Pusic', '1971-10-05', 'Países Bajos'),
('John', 'van \'t Schip', '1963-12-30', 'Países Bajos'),
('Oleksandr', 'Shovkovskyi', '1975-01-02', 'Ucrania');
INSERT INTO estadio (nombre, ciudad, pais, capacidad) VALUES
('Cívitas Metropolitano', 'Madrid', 'España', 68456),           
('Anfield', 'Liverpool', 'Inglaterra', 54074),                   
('Etihad Stadium', 'Manchester', 'Inglaterra', 55097),           
('Estádio do Dragão', 'Porto', 'Portugal', 54378),               
('San Siro', 'Milano', 'Italia', 75924),                   
('Estádio José Alvalade', 'Lisboa', 'Portugal', 52000),           
('Allianz Stadium', 'Torino', 'Italia', 41254),                   
('Giuseppe Meazza', 'Milano', 'Italia', 75924),                  
('Santiago Bernabéu', 'Madrid', 'España', 81044),                 
('Spotify Camp Nou', 'Barcelona', 'España', 99354),               
('Signal Iduna Park', 'Dortmund', 'Alemania', 81365),             
('Estádio da Luz', 'Lisboa', 'Portugal', 65272),                 
('Red Bull Arena', 'Leipzig', 'Alemania', 47069),                
('Parken', 'København', 'Dinamarca', 38076),                    
('BayArena', 'Leverkusen', 'Alemania', 30210),                    
('Allianz Arena', 'München', 'Alemania', 75025),                  
('Sammy Ofer Stadium', 'Haifa', 'Israel', 30820),               
('Diego Maradona', 'Napoli', 'Italia', 60250),                 
('Stamford Bridge', 'London', 'Inglaterra', 41837),               
('Celtic Park', 'Glasgow', 'Escocia', 60832),                   
('Jan Breydel Stadion', 'Brugge', 'Bélgica', 29042),              
('Doosan Arena', 'Plzeň', 'República Checa', 12500),              
('Deutsche Bank Park', 'Frankfurt am Main', 'Alemania', 58000),   
('Tottenham Hotspur Stadium', 'London', 'Inglaterra', 62062),    
('Parc des Princes', 'Paris', 'Francia', 48712),                  
('Red Bull Arena', 'Wals-Siezenheim', 'Austria', 31895),          
('Maksimir', 'Zagreb', 'Croacia', 38079),                         
('Vélodrome', 'Marseille', 'Francia', 67394),                    
('Ramón Sánchez Pizjuán', 'Sevilla', 'España', 43883),            
('Ibrox Stadium', 'Glasgow', 'Escocia', 50467),                  
('NSC Olimpiyskiy', 'Kiev', 'Ucrania', 70050),                   
('Johan Cruijff ArenA', 'Amsterdam', 'Países Bajos', 55885); 
INSERT INTO equipo (nombre, ciudad, pais, id_estadio, id_entrenador)
VALUES 
  ('Atlético de Madrid', 'Madrid', 'España', 1, 1),
  ('Liverpool FC', 'Liverpool', 'Inglaterra', 2, 2), 
  ('Manchester City', 'Manchester', 'Inglaterra', 3, 3), 
  ('FC Oporto', 'Oporto', 'Portugal', 4, 4),
  ('AC Milan', 'Milán', 'Italia', 5, 5), 
  ('Sporting de Lisboa', 'Lisboa', 'Portugal', 6, 6), 
  ('Juventus de Turín', 'Turín', 'Italia', 7, 7),
  ('Inter de Milán', 'Milán', 'Italia', 8, 8), 
  ('Real Madrid CF', 'Madrid', 'España', 9, 9), 
  ('FC Barcelona', 'Barcelona', 'España', 10, 10), 
  ('Borussia Dortmund', 'Dortmund', 'Alemania', 11, 11), 
  ('SL Benfica', 'Lisboa', 'Portugal', 12, 12), 
  ('RB Leipzig', 'Leipzig', 'Alemania', 13, 13),
  ('FC Copenhague', 'Copenhague', 'Dinamarca', 14, 14), 
  ('Bayer 04 Leverkusen', 'Leverkusen', 'Alemania', 15, 15), 
  ('Bayern Múnich', 'Múnich', 'Alemania', 16, 16), 
  ('Maccabi Haifa', 'Haifa', 'Israel', 17, 17),
  ('SSC Nápoles', 'Nápoles', 'Italia', 18, 18),
  ('Chelsea FC', 'Londres', 'Inglaterra', 19, 19), 
  ('Celtic FC', 'Glasgow', 'Escocia', 20, 20), 
  ('Club Brujas KV', 'Brujas', 'Bélgica', 21, 21),
  ('FC Viktoria Plzen', 'Pilsen', 'República Checa', 22, 22), 
  ('Eintracht Fráncfort', 'Fráncfort', 'Alemania', 23, 23), 
  ('Tottenham Hotspur', 'Londres', 'Inglaterra', 24, 24),
  ('París Saint-Germain FC', 'París', 'Francia', 25, 25), 
  ('Red Bull Salzburgo', 'Salzburgo', 'Austria', 26, 26), 
  ('GNK Dinamo Zagreb', 'Zagreb', 'Croacia', 27, 27),
  ('Olympique de Marsella', 'Marsella', 'Francia', 28, 28), 
  ('Sevilla FC', 'Sevilla', 'España', 29, 29), 
  ('Rangers FC', 'Glasgow', 'Escocia', 30, 30),
  ('Shakhtar Donetsk', 'Donetsk', 'Ucrania', 31, 31), 
  ('Ajax de Ámsterdam', 'Ámsterdam', 'Países Bajos', 32, 32);
INSERT INTO jugador (apellido, nombre, fecha_nacimiento, nacionalidad, posicion, id_equipo) VALUES
('Grbić', 'Ivo', '1996-01-18', 'Croacia', 'Portero', 1),
('Oblak', 'Jan', '1993-01-07', 'Eslovenia', 'Portero', 1),
('Giménez', 'José María', '1995-01-20', 'Uruguay', 'Defensor', 1),
('Reguilón', 'Sergio', '1996-12-16', 'España', 'Defensor', 1),
('Doherty', 'Matt', '1992-01-16', 'Irlanda', 'Defensor', 1),
('Savić', 'Stefan', '1991-01-08', 'Montenegro', 'Defensor', 1),
('Molina', 'Nahuel', '1998-04-06', 'Argentina', 'Defensor', 1),
('Augusto', 'Felipe', '1989-05-16', 'Brasil', 'Defensor', 1),
('Hermoso', 'Mario', '1995-06-18', 'España', 'Defensor', 1),
('Mandava', 'Reinildo', '1994-01-21', 'Mozambique', 'Defensor', 1),
('Kondogbia', 'Geoffrey', '1993-02-15', 'República Centroafricana', 'Mediocampista', 1),
('De Paul', 'Rodrigo', '1994-05-25', 'Argentina', 'Mediocampista', 1),
('Resurrección', 'Koke', '1992-01-08', 'España', 'Mediocampista', 1),
('Lemar', 'Thomas', '1995-11-12', 'Francia', 'Mediocampista', 1),
('Llorente', 'Marcos', '1995-01-30', 'España', 'Mediocampista', 1),
('Ñíguez', 'Saúl', '1994-11-21', 'España', 'Mediocampista', 1),
('Witsel', 'Axel', '1989-01-12', 'Bélgica', 'Mediocampista', 1),
('Carrasco', 'Yannick', '1993-09-04', 'Bélgica', 'Mediocampista', 1),
('Barrios', 'Pablo', '2002-08-04', 'España', 'Mediocampista', 1),
('Félix', 'João', '1999-11-10', 'Portugal', 'Delantero', 1),
('Griezmann', 'Antoine', '1991-03-21', 'Francia', 'Delantero', 1),
('Cunha', 'Matheus', '1999-05-27', 'Brasil', 'Delantero', 1),
('Depay', 'Memphis', '1994-02-13', 'Países Bajos', 'Delantero', 1),
('Correa', 'Ángel', '1995-03-09', 'Argentina', 'Delantero', 1),
('Morata', 'Álvaro', '1992-10-24', 'España', 'Delantero', 1),
('Adrián', 'Adrián', '1987-01-03', 'España', 'Portero', 2),
('Alisson', 'Alisson', '1992-10-02', 'Brasil', 'Portero', 2),
('Davies', 'Harvey', '2003-09-03', 'Inglaterra', 'Portero', 2),
('Kelleher', 'Caoimhín', '1998-11-23', 'Irlanda', 'Portero', 2),
('Alexander-Arnold', 'Trent', '1998-10-07', 'Inglaterra', 'Defensa', 2),
('Gomez', 'Joe', '1997-05-23', 'Inglaterra', 'Defensa', 2),
('Konaté', 'Ibrahima', '1999-05-25', 'Francia', 'Defensa', 2),
('Matip', 'Joel', '1991-08-08', 'Camerún', 'Defensa', 2),
('Phillips', 'Nathaniel', '1997-03-21', 'Inglaterra', 'Defensa', 2),
('Ramsay', 'Calvin', '2003-07-31', 'Escocia', 'Defensa', 2),
('Robertson', 'Andy', '1994-03-11', 'Escocia', 'Defensa', 2),
('Tsimikas', 'Kostas', '1996-05-12', 'Grecia', 'Defensa', 2),
('van Dijk', 'Virgil', '1991-07-08', 'Países Bajos', 'Defensa', 2),
('Williams', 'Rhys', '2001-02-03', 'Inglaterra', 'Defensa', 2),
('Arthur', 'Arthur', '1996-08-12', 'Brasil', 'Mediocampista', 2),
('Bajčetić', 'Stefan', '2004-10-22', 'España', 'Mediocampista', 2),
('Clark', 'Bobby', '2005-02-07', 'Inglaterra', 'Mediocampista', 2),
('Elliott', 'Harvey', '2003-04-04', 'Inglaterra', 'Mediocampista', 2),
('Fabinho', 'Fabinho', '1993-10-23', 'Brasil', 'Mediocampista', 2),
('Frauendorf', 'Melkamu', '2004-01-12', 'Alemania', 'Mediocampista', 2),
('Henderson', 'Jordan', '1990-06-17', 'Inglaterra', 'Mediocampista', 2),
('Jones', 'Curtis', '2001-01-30', 'Inglaterra', 'Mediocampista', 2),
('Keïta', 'Naby', '1995-02-10', 'Guinea', 'Mediocampista', 2),
('Milner', 'James', '1986-01-04', 'Inglaterra', 'Mediocampista', 2),
('Oxlade-Chamberlain', 'Alex', '1993-08-15', 'Inglaterra', 'Mediocampista', 2),
('Thiago', 'Thiago', '1991-04-11', 'España', 'Mediocampista', 2),
('Díaz', 'Luis', '1997-01-13', 'Colombia', 'Delantero', 2),
('Jota', 'Diogo', '1996-12-04', 'Portugal', 'Delantero', 2),
('Doak', 'Ben', '2005-11-11', 'Escocia', 'Delantero', 2),
('Carvalho', 'Fabio', '2002-08-30', 'Portugal', 'Delantero', 2),
('Gakpo', 'Cody', '1999-05-07', 'Países Bajos', 'Delantero', 2),
('Núñez', 'Darwin', '1999-06-24', 'Uruguay', 'Delantero', 2),
('Firmino', 'Roberto', '1991-10-02', 'Brasil', 'Delantero', 2),
('Salah', 'Mohamed', '1992-06-15', 'Egipto', 'Delantero', 2),
('Stewart', 'Layton', '2002-09-03', 'Inglaterra', 'Delantero', 2),
('Ederson', 'Ederson', '1993-08-17', 'Brasil', 'Portero', 3),
('Ortega', 'Stefan', '1992-11-06', 'Alemania', 'Portero', 3),
('Steffen', 'Zack', '1995-04-02', 'Estados Unidos', 'Portero', 3),
('Carson', 'Scott', '1985-09-03', 'Inglaterra', 'Portero', 3),
('Dias', 'Rúben', '1997-05-14', 'Portugal', 'Defensor', 3),
('Aké', 'Nathan', '1995-02-18', 'Países Bajos', 'Defensor', 3),
('Stones', 'John', '1994-05-28', 'Inglaterra', 'Defensor', 3),
('Akanji', 'Manuel', '1995-07-19', 'Suiza', 'Defensor', 3),
('Laporte', 'Aymeric', '1994-05-27', 'España', 'Defensor', 3),
('Mbete', 'Luke', '2003-01-18', 'Inglaterra', 'Defensor', 3),
('Gómez', 'Sergio', '2000-03-04', 'España', 'Defensor', 3),
('Wilson-Esbrand', 'Josh', '2001-09-06', 'Inglaterra', 'Defensor', 3),
('Mendy', 'Benjamin', '1994-07-17', 'Francia', 'Defensor', 3),
('Cancelo', 'João', '1994-05-27', 'Portugal', 'Defensor', 3),
('Lewis', 'Rico', '2004-02-21', 'Inglaterra', 'Defensor', 3),
('Walker', 'Kyle', '1990-05-28', 'Inglaterra', 'Defensor', 3),
('Rodri', 'Rodri', '1996-06-23', 'España', 'Pivote', 3),
('Phillips', 'Kalvin', '1995-12-02', 'Inglaterra', 'Pivote', 3),
('Perrone', 'Máximo', '2004-01-12', 'Argentina', 'Pivote', 3),
('Gomes', 'Claudio', '2000-07-24', 'Francia', 'Mediocampista', 3),
('Charles', 'Shea', '2003-09-02', 'Irlanda del Norte', 'Mediocampista', 3),
('Gündoğan', 'İlkay', '1990-10-25', 'Alemania', 'Mediocampista', 3),
('Silva', 'Bernardo', '1994-08-10', 'Portugal', 'Mediocampista', 3),
('De Bruyne', 'Kevin', '1991-06-28', 'Bélgica', 'Mediocampista', 3),
('Palmer', 'Cole', '2002-05-06', 'Inglaterra', 'Mediocampista', 3),
('Robertson', 'Alex', '2004-03-17', 'Australia', 'Mediocampista', 3),
('O Reilly', 'Nico', '2004-01-01', 'Inglaterra', 'Mediocampista', 3),
('Foden', 'Phil', '2000-05-28', 'Inglaterra', 'Delantero', 3),
('Grealish', 'Jack', '1995-09-10', 'Inglaterra', 'Delantero', 3),
('Mahrez', 'Riyad', '1991-02-21', 'Argelia', 'Delantero', 3),
('Knight', 'Ben', '2002-11-13', 'Inglaterra', 'Delantero', 3),
('Haaland', 'Erling', '2000-07-21', 'Noruega', 'Delantero', 3),
('Álvarez', 'Julián', '2000-01-31', 'Argentina', 'Delantero', 3),
('Delap', 'Liam', '2003-02-08', 'Inglaterra', 'Delantero', 3),
('Costa', 'Diogo', '1999-09-19', 'Portugal', 'Portero', 4),
('Marchesín', 'Agustín', '1988-03-16', 'Argentina', 'Portero', 4),
('Ramos', 'Cláudio', '1991-11-06', 'Portugal', 'Portero', 4),
('Portugal', 'Samuel', '1994-01-19', 'Brasil', 'Portero', 4),
('Carmo', 'David', '1999-07-19', 'Portugal', 'Defensor', 4),
('Cardoso', 'Fábio', '1994-04-19', 'Portugal', 'Defensor', 4),
('Pepe', 'Pepe', '1983-02-26', 'Portugal', 'Defensor', 4),
('Marcelo', 'João', '1998-05-25', 'Brasil', 'Defensor', 4),
('Marcano', 'Iván', '1987-06-24', 'España', 'Defensor', 4),
('Zaidu', 'Zaidu', '1997-06-13', 'Nigeria', 'Defensor', 4),
('Wendell', 'Wendell', '1993-07-20', 'Brasil', 'Defensor', 4),
('Mário', 'João', '1993-11-06', 'Portugal', 'Defensor', 4),
('Manafá', 'Wilson', '1994-07-24', 'Portugal', 'Defensor', 4),
('Conceição', 'Rodrigo', '2000-01-02', 'Portugal', 'Defensor', 4),
('Grujić', 'Marko', '1996-04-13', 'Serbia', 'Mediocampista', 4),
('Uribe', 'Mateus', '1991-03-21', 'Colombia', 'Mediocampista', 4),
('Eustáquio', 'Stephen', '1996-12-21', 'Canadá', 'Mediocampista', 4),
('Costa', 'Bruno', '1997-04-19', 'Portugal', 'Mediocampista', 4),
('Folha', 'Bernardo', '2001-03-14', 'Portugal', 'Mediocampista', 4),
('Franco', 'André', '1997-05-05', 'Portugal', 'Mediocampista', 4),
('Sousa', 'Vasco', '2002-03-14', 'Portugal', 'Mediocampista', 4),
('Pepê', 'Pepê', '1997-02-25', 'Brasil', 'Delantero', 4),
('Galeno', 'Galeno', '1997-10-23', 'Brasil', 'Delantero', 4),
('Andrade', 'Fernando', '1993-10-20', 'Brasil', 'Delantero', 24),
('Otávio', 'Otávio', '1995-02-09', 'Portugal', 'Delantero', 4),
('Veron', 'Gabriel', '2002-09-03', 'Brasil', 'Delantero', 4),
('Borges', 'Gonçalo', '2000-03-01', 'Portugal', 'Delantero', 4),
('Marcus', 'Abraham', '2000-06-13', 'Nigeria', 'Delantero', 4),
('Evanilson', 'Evanilson', '1999-10-11', 'Brasil', 'Delantero', 4),
('Taremi', 'Mehdi', '1992-07-18', 'Irán', 'Delantero', 4),
('Martínez', 'Toni', '1996-06-30', 'España', 'Delantero', 4),
('Namaso', 'Danny', '2001-01-08', 'Inglaterra', 'Delantero', 4),
('Wendel', 'Wendel', '2001-08-28', 'Brasil', 'Delantero', 4),
('Maignan', 'Mike', '1995-07-03', 'Francia', 'Portero', 5),
('Tatarusanu', 'Ciprian', '1986-02-09', 'Rumania', 'Portero', 5),
('Vásquez', 'Devis', '1998-11-06', 'Colombia', 'Portero', 5),
('Jungdal', 'Andreas', '2002-10-05', 'Dinamarca', 'Portero', 5),
('Nava', 'Lapo', '2004-03-10', 'Italia', 'Portero', 5),
('Mirante', 'Antonio', '1984-07-08', 'Italia', 'Portero', 5),
('Tomori', 'Fikayo', '1998-12-19', 'Inglaterra', 'Defensor', 5),
('Kalulu', 'Pierre', '2000-06-05', 'Francia', 'Defensor', 5),
('Thiaw', 'Malick', '2002-08-08', 'Alemania', 'Defensor', 5),
('Gabbia', 'Matteo', '2000-10-21', 'Italia', 'Defensor', 5),
('Kjaer', 'Simon', '1989-03-26', 'Dinamarca', 'Defensor', 5),
('Coubis', 'Andrei', '2004-09-15', 'Rumania', 'Defensor', 5),
('Hernández', 'Theo', '1998-10-06', 'Francia', 'Defensor', 5),
('Ballo-Touré', 'Fodé', '1997-01-03', 'Senegal', 'Defensor', 5),
('Bozzolan', 'Andrea', '2004-05-30', 'Italia', 'Defensor', 5),
('Calabria', 'Davide', '1997-12-06', 'Italia', 'Defensor', 5),
('Dest', 'Sergiño', '2001-11-03', 'Estados Unidos', 'Defensor', 5),
('Florenzi', 'Alessandro', '1991-03-11', 'Italia', 'Defensor', 5),
('Tonali', 'Sandro', '2000-05-08', 'Italia', 'Mediocampista', 5),
('Bennacer', 'Ismaël', '1998-12-01', 'Argelia', 'Mediocampista', 5),
('Krunic', 'Rade', '1994-10-07', 'Bosnia y Herzegovina', 'Mediocampista', 5),
('Bakayoko', 'Tiemoué', '1995-08-17', 'Francia', 'Mediocampista', 5),
('Pobega', 'Tommaso', '2000-07-15', 'Italia', 'Mediocampista', 5),
('Vranckx', 'Aster', '2003-10-16', 'Bélgica', 'Mediocampista', 5),
('Gala', 'Antonio', '2004-07-23', 'Italia', 'Mediocampista', 5),
('De Ketelaere', 'Charles', '2001-03-10', 'Bélgica', 'Mediocampista', 5),
('Díaz', 'Brahim', '2000-08-03', 'España', 'Mediocampista', 5),
('Adli', 'Yacine', '2001-07-29', 'Francia', 'Mediocampistao', 5),
('Leão', 'Rafael', '1999-06-10', 'Portugal', 'Delantero', 5),
('Rebic', 'Ante', '1994-09-21', 'Croacia', 'Delantero', 5),
('Saelemaekers', 'Alexis', '1999-06-27', 'Bélgica', 'Delantero', 5),
('Messias', 'Junior', '1991-05-13', 'Brasil', 'Delantero', 5),
('Giroud', 'Olivier', '1986-09-30', 'Francia', 'Delantero', 5),
('Origi', 'Divock', '1995-04-18', 'Bélgica', 'Delantero', 5),
('Ibrahimović', 'Zlatan', '1981-10-03', 'Suecia', 'Delantero', 5),
('Israel', 'Franco', '1999-07-23', 'Uruguay', 'Portero', 6),
('Adán', 'Antonio', '1987-01-13', 'España', 'Portero', 6),
('Paulo', 'André', '1996-12-06', 'Portugal', 'Portero', 6),
('Callai', 'Diego', '2004-05-20', 'Brasil', 'Portero', 6),
('Pinto', 'Diogo', '2003-11-07', 'Portugal', 'Portero', 6),
('Silva', 'Francisco', '2006-04-18', 'Portugal', 'Portero', 6),
('Inácio', 'Gonçalo', '2001-08-25', 'Portugal', 'Defensor', 6),
('St. Juste', 'Jerry', '1996-10-19', 'Países Bajos', 'Defensor', 6),
('Diomande', 'Ousmane', '2003-12-10', 'Costa de Marfil', 'Defensor', 6),
('Coates', 'Sebastián', '1990-10-07', 'Uruguay', 'Defensor', 6),
('Marsà', 'José', '2001-03-14', 'España', 'Defensor', 6),
('Ilori', 'Tiago', '1993-02-26', 'Portugal', 'Defensor', 6),
('Neto', 'Luís', '1988-05-26', 'Portugal', 'Defensor', 6),
('Lamba', 'Chico', '2002-01-20', 'Portugal', 'Defensor', 6),
('Santos', 'Nuno', '1994-02-13', 'Portugal', 'Defensor', 6),
('Reis', 'Matheus', '1995-02-23', 'Brasil', 'Defensor', 6),
('Nazinho', 'Nazinho', '2002-03-25', 'Portugal', 'Defensor', 6),
('Porro', 'Pedro', '1999-09-13', 'España', 'Defensor', 6),
('Bellerín', 'Héctor', '1995-03-19', 'España', 'Defensor', 6),
('Esgaio', 'Ricardo', '1993-05-16', 'Portugal', 'Defensor', 6),
('Esteves', 'Gonçalo', '2003-04-27', 'Portugal', 'Defensor', 6),
('Travassos', 'Travassos', '2003-08-01', 'Portugal', 'Defensor', 6),
('Ugarte', 'Manuel', '2001-04-11', 'Uruguay', 'Mediocampista', 6),
('Tanlongo', 'Mateo', '2002-08-04', 'Argentina', 'Mediocampista', 6),
('Essugo', 'Dário', '2004-02-14', 'Portugal', 'Mediocampista', 6),
('Henrique', 'Eduardo', '1995-03-30', 'Brasil', 'Mediocampista', 6),
('Veiga', 'Renato', '2004-01-08', 'Portugal', 'Mediocampista', 6),
('Nunes', 'Matheus', '1998-08-27', 'Portugal', 'Mediocampista', 6),
('Morita', 'Hidemasa', '1994-05-10', 'Japón', 'Mediocampista', 6),
('Bragança', 'Daniel', '1999-05-27', 'Portugal', 'Mediocampista', 6),
('Alexandropoulos', 'Sotiris', '2002-01-03', 'Grecia', 'Mediocampista', 6),
('Fernandes', 'Mateus', '2004-06-24', 'Portugal', 'Mediocampista', 6),
('Trincão', 'Francisco', '1999-12-29', 'Portugal', 'Delantero', 6),
('Gonçalves', 'Pedro', '1998-06-28', 'Portugal', 'Delantero', 6),
('Cabral', 'Jovane', '1998-06-14', 'Cabo Verde', 'Delantero', 6),
('Paulinho', 'Paulinho', '1992-11-09', 'Portugal', 'Delantero', 6),
('Santos', 'Felipe', '1999-06-14', 'Brasil', 'Delantero', 6),
('Slimani', 'Islam', '1988-06-18', 'Argelia', 'Delantero', 6),
('Ribeiro', 'Rodrigo', '2004-03-14', 'Portugal', 'Delantero', 6),
('Szczesny', 'Wojciech', '1990-04-18', 'Polonia', 'Portero', 7),
('Perin', 'Mattia', '1992-11-10', 'Italia', 'Portero', 7),
('Pinsoglio', 'Carlo', '1990-03-16', 'Italia', 'Portero', 7),
('Bremer', 'Bremer', '1997-03-18', 'Brasil', 'Defensor', 7),
('Danilo', 'Danilo', '1991-07-15', 'Brasil', 'Defensor', 7),
('Gatti', 'Federico', '1998-06-25', 'Italia', 'Defensor', 7),
('Bonucci', 'Leonardo', '1987-05-01', 'Italia', 'Defensor', 7),
('Sandro', 'Alex', '1991-01-26', 'Brasil', 'Defensor', 7),
('Sciglio', 'Mattia De', '1992-10-20', 'Italia', 'Defensor', 7),
('Locatelli', 'Manuel', '1998-01-08', 'Italia', 'Mediocampista', 7),
('Rabiot', 'Adrien', '1995-04-03', 'Francia', 'Mediocampista', 7),
('Fagioli', 'Nicolò', '2001-02-12', 'Italia', 'Mediocampista', 7),
('McKennie', 'Weston', '1998-08-28', 'Estados Unidos', 'Mediocampista', 7),
('Miretti', 'Fabio', '2003-08-03', 'Italia', 'Mediocampista', 7),
('Pogba', 'Paul', '1993-03-15', 'Francia', 'Mediocampista', 7),
('Kostić', 'Filip', '1992-11-01', 'Serbia', 'Mediocampista', 7),
('Chiesa', 'Federico', '1997-10-25', 'Italia', 'Delantero', 7),
('Di María', 'Angel', '1988-02-14', 'Argentina', 'Delantero', 7),
('Cuadrado', 'Juan', '1988-05-26', 'Colombia', 'Delantero', 7),
('Kean', 'Moise', '2000-02-28', 'Italia', 'Delantero', 7),
('Milik', 'Arkadiusz', '1994-02-28', 'Polonia', 'Delantero', 7),
('Jorge', 'Kaio', '2002-01-25', 'Brasil', 'Delantero', 7),
('da Graça', 'Cosimo', '2002-01-01', 'Italia', 'Delantero', 7),
('Onana', 'André', '1996-04-02', 'Camerún', 'Portero', 8),
('Handanovic', 'Samir', '1984-07-14', 'Eslovenia', 'Portero', 8),
('Brazão', 'Gabriel', '2000-10-05', 'Brasil', 'Portero', 8),
('Cordaz', 'Alex', '1983-01-01', 'Italia', 'Portero', 8),
('Botis', 'Nikolaos', '2004-02-27', 'Grecia', 'Portero', 8),
('Bastoni', 'Alessandro', '1999-04-13', 'Italia', 'Defensor', 8),
('Skriniar', 'Milan', '1995-02-11', 'Eslovaquia', 'Defensor', 8),
('de Vrij', 'Stefan', '1992-02-05', 'Países Bajos', 'Defensor', 8),
('Acerbi', 'Francesco', '1988-02-10', 'Italia', 'Defensor', 8),
('D Ambrosio', 'Danilo', '1988-09-09', 'Italia', 'Defensor', 8),
('Fontanarosa', 'Alessandro', '2002-02-24', 'Italia', 'Defensor', 8),
('Dimarco', 'Federico', '1997-11-10', 'Italia', 'Defensor', 8),
('Dalbert', 'Henrique', '1993-09-08', 'Brasil', 'Defensor', 8),
('Darmian', 'Matteo', '1989-12-02', 'Italia', 'Defensor', 8),
('Zanotti', 'Mattia', '2002-01-20', 'Italia', 'Defensor', 8),
('Çalhanoğlu', 'Hakan', '1994-02-08', 'Turquía', 'Mediocampista', 8),
('Brozovic', 'Marcelo', '1992-11-16', 'Croacia', 'Mediocampista', 8),
('Asllani', 'Kristjan', '2002-06-25', 'Albania', 'Mediocampista', 8),
('Agoumé', 'Lucien', '2002-02-09', 'Francia', 'Mediocampista', 8),
('Stanković', 'Aleksandar', '2005-05-29', 'Serbia', 'Mediocampista', 8),
('Barella', 'Nicolò', '1997-02-07', 'Italia', 'Mediocampista', 8),
('Mkhitaryan', 'Henrikh', '1989-01-21', 'Armenia', 'Mediocampista', 8),
('Gagliardini', 'Roberto', '1994-04-07', 'Italia', 'Mediocampista', 8),
('Kamate', 'Issiaka', '2005-12-11', 'Francia', 'Mediocampista', 8),
('Dumfries', 'Denzel', '1996-04-18', 'Países Bajos', 'Defensor', 8),
('Bellanova', 'Raoul', '2000-05-17', 'Italia', 'Defensor', 8),
('Gosens', 'Robin', '1994-07-05', 'Alemania', 'Defensor', 8),
('Carboni', 'Valentín', '2004-07-05', 'Argentina', 'Mediocampista', 8),
('Akinsanmiro', 'Ebenezer', '2005-07-01', 'Nigeria', 'Mediocampista', 8),
('Correa', 'Joaquín', '1994-08-13', 'Argentina', 'Delantero', 8),
('Martínez', 'Lautaro', '1997-08-23', 'Argentina', 'Delantero', 8),
('Lukaku', 'Romelu', '1993-05-13', 'Bélgica', 'Delantero', 8),
('Dzeko', 'Edin', '1986-03-17', 'Bosnia y Herzegovina', 'Delantero', 8),
('Salcedo', 'Eddie', '2001-10-01', 'Italia', 'Delantero', 8),
('Curatolo', 'Dennis', '2004-05-11', 'Italia', 'Delantero', 8),
('Courtois', 'Thibaut', '1992-05-11', 'Bélgica', 'Portero', 9),
('Lunin', 'Andriy', '1999-11-11', 'Ucrania', 'Portero', 9),
('De Luis', 'Mario', '2002-06-05', 'España', 'Portero', 9), 
('López', 'Luis', '2001-08-05', 'España', 'Portero', 9), 
('Cañizares', 'Lucas', '2002-05-10', 'España', 'Portero', 9), 
('Piñeiro', 'Diego', '2004-02-13', 'España', 'Portero', 9), 
('González', 'Fran', '2005-06-25', 'España', 'Portero', 9), 
('Militão', 'Éder', '1998-01-18', 'Brasil', 'Defensor', 9),
('Alaba', 'David', '1992-06-25', 'Austria', 'Defensor', 9),
('Rüdiger', 'Antonio', '1993-03-03', 'Alemania', 'Defensor', 9),
('Fernández', 'Nacho', '1990-01-18', 'España', 'Defensor', 9),
('Vallejo', 'Jesús', '1997-01-05', 'España', 'Defensor', 9),
('Garzón', 'Marvelous ', '2003-01-07', 'España', 'Defensor', 9), 
('Mendy', 'Ferland', '1995-06-08', 'Francia', 'Defensor', 9),
('Carvajal', 'Daniel', '1992-01-11', 'España', 'Defensor', 9),
('Vázquez', 'Lucas', '1991-07-01', 'España', 'Defensor', 9),
('Odriozola', 'Álvaro', '1995-12-14', 'España', 'Defensor', 9),
('Tobias', 'Vinícius', '2004-02-24', 'Brasil', 'Defensor', 9), 
('Tchouaméni', 'Aurélien', '2000-01-27', 'Francia', 'Mediocampista', 9),
('Casemiro', 'Carlos', '1992-02-24', 'Brasil', 'Mediocampista', 9),
('Martín', 'Mario', '2004-03-05', 'España', 'Mediocampista', 9), 
('Valverde', 'Federico', '1998-07-23', 'Uruguay', 'Mediocampista', 9),
('Camavinga', 'Eduardo', '2002-11-10', 'Francia', 'Mediocampista', 9),
('Kroos', 'Toni', '1990-01-04', 'Alemania', 'Mediocampista', 9),
('Ceballos', 'Dani', '1996-08-07', 'España', 'Mediocampista', 9),
('Modric', 'Luka', '1985-09-09', 'Croacia', 'Mediocampista', 9),
('Dotor', 'Carlos', '2001-03-15', 'España', 'Mediocampista', 9), 
('Arribas', 'Sergio', '2001-09-30', 'España', 'Mediocampista', 9),
('Paz', 'Nico', '2005-09-08', 'Argentina', 'Mediocampista', 9),
('Junior', 'Vinicius', '2000-07-12', 'Brasil', 'Delantero', 9),
('Asensio', 'Marco', '1996-01-21', 'España', 'Delantero', 9),
('Hazard', 'Eden', '1991-01-07', 'Bélgica', 'Delantero', 9),
('Rodrygo', 'Rodrygo', '2001-01-09', 'Brasil', 'Delantero', 9),
('Benzema', 'Karim', '1987-12-19', 'Francia', 'Delantero', 9),
('Rodríguez', 'Álvaro', '2004-07-14', 'Uruguay', 'Delantero', 9),
('Díaz', 'Mariano', '1993-08-01', 'República Dominicana', 'Delantero', 9),
('Ter Stegen', 'Marc-André', '1992-04-30', 'Alemania', 'Portero', 10),
('Peña', 'Iñaki', '1999-03-02', 'España', 'Portero', 10),
('Tenas', 'Arnau', '2001-05-30', 'España', 'Portero', 10),
('Astralaga', 'Ander', '2004-03-03', 'España', 'Portero', 10),
('Araújo', 'Ronald', '1999-03-07', 'Uruguay', 'Defensor', 10),
('Koundé', 'Jules', '1999-11-12', 'Francia', 'Defensor', 10),
('Christensen', 'Andreas', '1996-04-10', 'Dinamarca', 'Defensor', 10),
('García', 'Eric', '2001-01-09', 'España', 'Defensor', 10),
('Riad', 'Chadi', '2003-06-17', 'Marruecos', 'Defensor', 10),
('Balde', 'Alejandro', '2004-10-18', 'España', 'Defensor', 10),
('Alonso', 'Marcos', '1990-12-28', 'España', 'Defensor', 10),
('Alba', 'Jordi', '1989-03-21', 'España', 'Defensor', 10),
('Valle', 'Álex', '2004-04-25', 'España', 'Defensor', 10),
('Bellerín', 'Héctor', '1995-03-19', 'España', 'Defensor', 10),
('Roberto', 'Sergi', '1992-02-07', 'España', 'Defensor', 10),
('Busquets', 'Sergio', '1988-07-16', 'España', 'Mediocampista', 10),
('Sanz', 'Álvaro', '2001-02-14', 'España', 'Mediocampista', 10), 
('Casadó', 'Marc', '2004-09-24', 'España', 'Mediocampista', 10), 
('Prim', 'Pau', '2006-02-23', 'España', 'Mediocampista', 10), 
('Pedri', 'Pedri', '2003-11-25', 'España', 'Mediocampista', 10),
('Gavi', 'Gavi', '2004-08-05', 'España', 'Mediocampista', 10),
('De Jong', 'Frenkie', '1997-05-12', 'Países Bajos', 'Mediocampista', 10),
('Kessié', 'Franck', '1997-12-19', 'Costa de Marfil', 'Mediocampista', 10),
('Pjanic', 'Miralem', '1990-04-02', 'Bosnia y Herzegovina', 'Mediocampista', 10),
('Torre', 'Pablo', '2003-04-03', 'España', 'Mediocampista', 10),
('Garrido', 'Aleix', '2004-02-23', 'España', 'Mediocampista', 10), 
('Hernández', 'Unai', '2005-12-14', 'España', 'Mediocampista', 10), 
('Fati', 'Ansu', '2003-10-31', 'España', 'Delantero', 10),
('Pedrola', 'Estanis', '2004-08-25', 'España', 'Delantero', 10), 
('Alarcón', 'Ángel', '2004-05-15', 'España', 'Delantero', 10), 
('Dembélé', 'Ousmane', '1997-05-15', 'Francia', 'Delantero', 10),
('Raphinha', 'Raphinha', '1997-12-14', 'Brasil', 'Delantero', 10),
('Torres', 'Ferran', '2000-02-29', 'España', 'Delantero', 10),
('Akhomach', 'Ilias', '2004-04-16', 'España', 'Delantero', 10), 
('Rodríguez', 'Dani', '2006-08-09', 'España', 'Delantero', 10), 
('Yamal', 'Lamine', '2008-07-13', 'España', 'Delantero', 10), 
('Lewandowski', 'Robert', '1988-08-21', 'Polonia', 'Delantero', 10),
('Depay', 'Memphis', '1994-02-13', 'Países Bajos', 'Delantero', 10),
('Aubameyang', 'Pierre-Emerick', '1989-06-18', 'Gabón', 'Delantero', 10),
('Guiu', 'Marc', '2006-01-04', 'España', 'Delantero', 10),
('Kobel', 'Gregor', '1997-12-06', 'Suiza', 'Portero', 11),
('Lotka', 'Marcel', '2001-05-14', 'Alemania', 'Portero', 11),
('Meyer', 'Alexander', '1991-06-25', 'Alemania', 'Portero', 11),
('Unbehaun', 'Luca', '2001-02-27', 'Alemania', 'Portero', 11),
('Ostrzinski', 'Silas', '2004-05-04', 'Alemania', 'Portero', 11),
('Schlotterbeck', 'Nico', '1999-12-01', 'Alemania', 'Defensor', 11),
('Süle', 'Niklas', '1995-09-03', 'Alemania', 'Defensor', 11),
('Hummels', 'Mats', '1988-12-16', 'Alemania', 'Defensor', 11),
('Coulibaly', 'Soumaïla', '2003-12-15', 'Francia', 'Defensor', 11),
('Papadopoulos', 'Antonios', '2000-05-09', 'Alemania', 'Defensor', 11),
('Guerreiro', 'Raphaël', '1993-12-23', 'Portugal', 'Defensor', 11),
('Rothe', 'Tom', '2004-01-30', 'Alemania', 'Defensor', 11),
('Schulz', 'Nico', '1993-04-01', 'Alemania', 'Defensor', 11),
('Ryerson', 'Julian', '1997-11-17', 'Noruega', 'Defensor', 11),
('Wolf', 'Marius', '1995-05-27', 'Alemania', 'Defensor', 11),
('Meunier', 'Thomas', '1991-09-12', 'Bélgica', 'Defensor', 11),
('Passlack', 'Felix', '1998-05-29', 'Alemania', 'Defensor', 11),
('Morey', 'Mateu', '2000-03-02', 'España', 'Defensor', 11),
('Can', 'Emre', '1994-01-12', 'Alemania', 'Mediocampista', 11),
('Özcan', 'Salih', '1998-01-11', 'Turquía', 'Mediocampista', 11),
('Kamara', 'Abdoulaye', '2004-11-07', 'Francia', 'Mediocampista', 11),
('Dahoud', 'Mahmoud', '1996-01-01', 'Alemania', 'Mediocampista', 11),
('Bellingham', 'Jude', '2003-06-29', 'Inglaterra', 'Mediocampista', 11),
('Brandt', 'Julian', '1996-05-02', 'Alemania', 'Mediocampista', 11),
('Reyna', 'Giovanni', '2002-11-13', 'Estados Unidos', 'Mediocampista', 11),
('Reus', 'Marco', '1989-05-31', 'Alemania', 'Mediocampista', 11),
('Gürpüz', 'Göktan', '2002-02-03', 'Turquía', 'Mediocampista', 11),
('Adeyemi', 'Karim', '2002-01-18', 'Alemania', 'Delantero', 11),
('Bynoe-Gittens', 'Jamie', '2004-08-08', 'Inglaterra', 'Delantero', 11),
('Hazard', 'Thorgan', '1993-03-29', 'Bélgica', 'Delantero', 11),
('Malen', 'Donyell', '1999-01-19', 'Países Bajos', 'Delantero', 11),
('Moukoko', 'Youssoufa', '2004-11-20', 'Alemania', 'Delantero', 11),
('Modeste', 'Anthony', '1988-04-14', 'Francia', 'Delantero', 11),
('Rothe', 'Dennis', '2001-04-05', 'Alemania', 'Delantero', 11),
('Tigges', 'Steffen', '1998-07-31', 'Alemania', 'Delantero', 11),
('Vlachodimos', 'Odysseas', '1994-04-26', 'Grecia', 'Portero', 12),
('Soares', 'Samuel', '2002-09-16', 'Portugal', 'Portero', 12),
('Gomes', 'André', '2005-07-08', 'Portugal', 'Portero', 12),
('Leite', 'Helton', '1990-03-02', 'Brasil', 'Portero', 12),
('Kokubo', 'Leo', '2001-06-09', 'Japón', 'Portero', 12),
('Silva', 'António', '2003-10-16', 'Portugal', 'Defensor', 12),
('Morato', 'Morato', '2001-05-18', 'Brasil', 'Defensor', 12),
('Victor', 'João', '1999-02-27', 'Brasil', 'Defensor', 12),
('Veríssimo', 'Lucas', '1995-07-08', 'Brasil', 'Defensor', 12),
('Brooks', 'John Anthony', '1993-01-28', 'Estados Unidos', 'Defensor', 12),
('Otamendi', 'Nicolás', '1988-02-12', 'Argentina', 'Defensor', 12),
('Vertonghen', 'Jan', '1987-04-25', 'Bélgica', 'Defensor', 12),
('Grimaldo', 'Alejandro', '1995-09-20', 'España', 'Defensor', 12),
('Ristic', 'Mihailo', '1995-10-31', 'Serbia', 'Defensor', 12),
('Rodrigues', 'Rafael', '2001-01-04', 'Portugal', 'Defensor', 12),
('Bah', 'Alexander', '1997-12-09', 'Dinamarca/Gambia', 'Defensor', 12),
('Gilberto', 'Gilberto', '1993-03-07', 'Brasil', 'Defensor', 12),
('Tomé', 'João', '2002-04-19', 'Portugal', 'Defensor', 12),
('Almeida', 'André', '1990-09-10', 'Portugal', 'Defensor', 12),
('Florentino', 'Florentino', '1999-08-19', 'Portugal/Angola', 'Mediocampista', 12),
('Weigl', 'Julian', '1995-09-08', 'Alemania', 'Mediocampista', 12),
('Neves', 'João', '2004-01-28', 'Portugal', 'Mediocampista', 12),
('Fernández', 'Enzo', '2001-01-17', 'Argentina', 'Mediocampista', 12),
('Aursnes', 'Fredrik', '1995-12-10', 'Noruega', 'Mediocampista', 12),
('Mário', 'João', '1993-01-19', 'Portugal', 'Mediocampista', 12),
('Chiquinho', 'Chiquinho', '1995-12-19', 'Portugal', 'Mediocampista', 12),
('Bernardo', 'Paulo', '2001-02-25', 'Portugal', 'Mediocampista', 12),
('Ndour', 'Cher', '2004-02-27', 'Italia/Senegal', 'Mediocampista', 12),
('Dias', 'Gil', '1996-09-13', 'Portugal', 'Mediocampista', 12),
('Félix', 'Hugo', '2004-03-01', 'Portugal', 'Mediocampista', 12),
('Guedes', 'Gonçalo', '1996-11-29', 'Portugal', 'Delantero', 12),
('Rafa', 'Rafa', '1993-05-17', 'Portugal', 'Delantero', 12),
('Schjelderup', 'Andreas', '2004-01-05', 'Noruega', 'Delantero', 12),
('Draxler', 'Julian', '1993-09-20', 'Alemania', 'Delantero', 12),
('Gonçalves', 'Diogo', '1997-02-06', 'Portugal', 'Delantero', 12),
('Moreira', 'Diego', '2004-02-19', 'Portugal/Bélgica', 'Delantero', 12),
('Neres', 'David', '1997-03-03', 'Brasil', 'Delantero', 12),
('Ramos', 'Gonçalo', '2001-06-20', 'Portugal', 'Delantero', 12),
('Musa', 'Petar', '1998-03-04', 'Croacia', 'Delantero', 12),
('Tengstedt', 'Casper', '2000-04-25', 'Dinamarca', 'Delantero', 12),
('Yaremchuk', 'Roman', '1995-11-27', 'Ucrania', 'Delantero', 12),
('Araújo', 'Henrique', '2001-01-03', 'Portugal', 'Delantero', 12),
('Pinho', 'Rodrigo', '1991-05-11', 'Brasil', 'Delantero', 12),
('Gulácsi', 'Péter', '1990-05-06', 'Hungría', 'Portero', 13),
('Blaswich', 'Janis', '1991-05-02', 'Alemania', 'Portero', 13),
('Nyland', 'Ørjan', '1990-09-10', 'Noruega', 'Portero', 13),
('Preil', 'Oskar', '2004-01-25', 'Alemania', 'Portero', 13),
('Nickisch', 'Jonas', '2004-03-05', 'Alemania', 'Portero', 13),
('Schlieck', 'Timo', '2006-03-02', 'Alemania', 'Portero', 13),
('Gvardiol', 'Josko', '2002-01-24', 'Croacia', 'Defensor', 13),
('Simakan', 'Mohamed', '2000-05-03', 'Francia', 'Defensor', 13),
('Orbán', 'Willi', '1992-11-03', 'Hungría', 'Defensor', 13),
('Diallo', 'Abdou', '1996-05-04', 'Senegal', 'Defensor', 13),
('Halstenberg', 'Marcel', '1991-09-27', 'Alemania', 'Defensor', 13),
('Raum', 'David', '1998-04-23', 'Alemania', 'Defensor', 13),
('Ba', 'Sanoussy', '2003-04-25', 'Alemania', 'Defensor', 13),
('Henrichs', 'Benjamin', '1997-02-24', 'Alemania', 'Defensor', 13),
('Klostermann', 'Lukas', '1996-06-03', 'Alemania', 'Defensor', 13),
('Novoa', 'Hugo', '2003-01-24', 'España', 'Defensor', 13),
('Szoboszlai', 'Dominik', '2000-10-25', 'Hungría', 'Mediocampista', 13),
('Laimer', 'Konrad', '1997-05-27', 'Austria', 'Mediocampista', 13),
('Schlager', 'Xaver', '1997-09-28', 'Austria', 'Mediocampista', 13),
('Haidara', 'Amadou', '1998-01-31', 'Malí', 'Mediocampista', 13),
('Kampl', 'Kevin', '1990-10-09', 'Eslovenia', 'Mediocampista', 13),
('Nkunku', 'Christopher', '1997-11-14', 'Francia', 'Mediocampista', 13),
('Olmo', 'Dani', '1998-05-07', 'España', 'Mediocampista', 13),
('Forsberg', 'Emil', '1991-10-24', 'Suecia', 'Mediocampista', 13),
('Clark', 'Caden', '2003-05-27', 'Estados Unidos', 'Mediocampista', 13),
('Werner', 'Timo', '1996-03-06', 'Alemania', 'Delantero', 13),
('Silva', 'André', '1995-11-06', 'Portugal', 'Delantero', 13),
('Sørloth', 'Alexander', '1995-12-05', 'Noruega', 'Delantero', 13),
('Poulsen', 'Yussuf', '1994-06-15', 'Dinamarca', 'Delantero', 13),
('Grabara', 'Kamil', '1999-01-08', 'Polonia', 'Portero', 14),
('Ryan', 'Mathew', '1992-04-08', 'Australia', 'Portero', 14),
('Johnsson', 'Karl-Johan', '1990-01-28', 'Suecia', 'Portero', 14),
('Dithmer', 'Andreas', '2006-03-08', 'Dinamarca', 'Portero', 14),
('Diks', 'Kevin', '1996-10-06', 'Países Bajos', 'Defensor', 14),
('Vavro', 'Denis', '1996-04-10', 'Eslovaquia', 'Defensor', 14),
('Khocholava', 'Davit', '1993-02-08', 'Georgia', 'Defensor', 14),
('Lund', 'Valdemar', '2003-04-07', 'Dinamarca', 'Defensor', 14),
('Boilesen', 'Nicolai', '1992-02-16', 'Dinamarca', 'Defensor', 14),
('Halsgaard', 'Aksel', '2004-05-04', 'Dinamarca', 'Defensor', 14),
('Kristiansen', 'Victor', '2002-10-14', 'Dinamarca', 'Defensor', 14),
('Sörensen', 'Christian', '1992-09-25', 'Dinamarca', 'Defensor', 14),
('Jelert', 'Elias', '2003-04-06', 'Dinamarca', 'Defensor', 14),
('Ankersen', 'Peter', '1990-09-23', 'Dinamarca', 'Defensor', 14),
('Clem', 'William', '2003-05-05', 'Dinamarca', 'Mediocampista', 14),
('Claesson', 'Viktor', '1992-01-02', 'Suecia', 'Mediocampista', 14),
('Jóhannesson', 'Ísak Bergmann', '2003-03-24', 'Islandia', 'Mediocampista', 14),
('Lerager', 'Lukas', '1993-07-12', 'Dinamarca', 'Mediocampista', 14),
('Falk', 'Rasmus', '1992-01-15', 'Dinamarca', 'Mediocampista', 14),
('Stamenic', 'Marko', '2002-04-26', 'Nueva Zelanda', 'Mediocampista', 14),
('Zeca', 'Gonçalves', '1988-08-31', 'Grecia', 'Mediocampista', 14),
('Højlund', 'Oscar', '2005-01-12', 'Dinamarca', 'Mediocampista', 14),
('Jörgensen', 'Thomas', '2006-06-04', 'Dinamarca', 'Mediocampista', 14),
('Biel', 'Pep', '1996-08-07', 'España', 'Mediocampista', 14),
('Daramy', 'Mohamed', '2002-01-07', 'Dinamarca', 'Delantero', 14),
('Haraldsson', 'Hákon Arnar', '2003-06-14', 'Islandia', 'Delantero', 14),
('Gonçalves', 'Diogo', '1997-02-06', 'Portugal', 'Delantero', 14),
('Mukairu', 'Paul', '2000-01-18', 'Nigeria', 'Delantero', 14),
('Sahsah', 'Noah', '2006-03-01', 'Dinamarca', 'Delantero', 14),
('Bardghji', 'Roony', '2005-09-25', 'Suecia', 'Delantero', 14),
('Amoo', 'Akinkunmi', '2002-06-07', 'Nigeria', 'Delantero', 14),
('Böving', 'William', '2003-05-16', 'Dinamarca', 'Delantero', 14),
('Larsson', 'Jordan', '1997-06-20', 'Suecia', 'Delantero', 14),
('Cornelius', 'Andreas', '1993-03-16', 'Dinamarca', 'Delantero', 14),
('Karamoko', 'Mamoudou', '1999-01-05', 'Francia', 'Delantero', 14),
('Babacar', 'Khouma', '1993-03-17', 'Senegal', 'Delantero', 14),
('Óskarsson', 'Orri', '2004-07-18', 'Islandia', 'Delantero', 14),
('Højlund', 'Emil', '2005-01-11', 'Dinamarca', 'Delantero', 14),
('Hradecky', 'Lukas', '1989-11-25', 'Finlandia', 'Portero', 15),
('Pentz', 'Patrick', '1996-01-02', 'Austria', 'Portero', 15),
('Lunev', 'Andrey', '1991-11-13', 'Rusia', 'Portero', 15),
('Lomb', 'Niklas', '1993-07-28', 'Alemania', 'Portero', 15),
('Neutgens', 'Maximilian', '2004-03-03', 'Alemania', 'Portero', 15), 
('Hincapié', 'Piero', '2002-01-19', 'Ecuador', 'Defensor', 15),
('Tapsoba', 'Edmond', '1999-02-02', 'Burkina Faso', 'Defensor', 15),
('Tah', 'Jonathan', '1996-02-11', 'Alemania', 'Defensor', 15),
('Kossounou', 'Odilon', '2001-01-04', 'Costa de Marfil', 'Defensor', 15),
('Monamay', 'Madi', '2006-04-06', 'Bélgica', 'Defensor', 15), 
('Sinkgraven', 'Daley', '1995-07-04', 'Países Bajos', 'Defensor', 15),
('Frimpong', 'Jeremie', '2001-12-10', 'Países Bajos', 'Defensor', 15),
('Fosu-Mensah', 'Timothy', '1998-01-02', 'Países Bajos', 'Defensor', 15),
('Mbamba', 'Noah', '2004-07-13', 'Bélgica', 'Mediocampista', 15),
('Azhil', 'Ayman', '2001-06-06', 'Marruecos', 'Mediocampista', 15),
('Eze', 'Joshua', '2003-03-09', 'Alemania', 'Mediocampista', 15),
('Köhl', 'Leon', '2004-02-17', 'Alemania', 'Mediocampista', 15), 
('Palacios', 'Exequiel', '1998-10-05', 'Argentina', 'Mediocampista', 15),
('Andrich', 'Robert', '1994-09-23', 'Alemania', 'Mediocampista', 15),
('Demirbay', 'Kerem', '1993-07-03', 'Alemania', 'Mediocampista', 15),
('Amiri', 'Nadiem', '1996-10-27', 'Alemania', 'Mediocampista', 15),
('Aránguiz', 'Charles', '1989-04-17', 'Chile', 'Mediocampista', 15),
('Sertdemir', 'Zidan', '2005-02-05', 'Dinamarca', 'Mediocampista', 15), 
('Bakker', 'Mitchel', '2000-06-20', 'Países Bajos', 'Mediocampista', 15),
('Wirtz', 'Florian', '2003-05-03', 'Alemania', 'Mediocampista', 15),
('Aourir', 'Ayman', '2005-10-06', 'Marruecos', 'Mediocampista', 15), 
('Adli', 'Amine', '2000-05-10', 'Marruecos', 'Delantero', 15),
('Hudson-Odoi', 'Callum', '2000-11-07', 'Inglaterra', 'Delantero', 15),
('Paulinho', 'Paulinho', '2000-07-15', 'Brasil', 'Delantero', 15),
('Diaby', 'Moussa', '1999-07-07', 'Francia', 'Delantero', 15),
('Bellarabi', 'Karim', '1990-04-08', 'Alemania', 'Delantero', 15),
('Schick', 'Patrik', '1996-01-25', 'República Checa', 'Delantero', 15),
('Hlozek', 'Adam', '2002-07-25', 'República Checa', 'Delantero', 15),
('Azmoun', 'Sardar', '1995-01-01', 'Irán', 'Delantero', 15), 
('Pohjanpalo', 'Joel', '1994-09-13', 'Finlandia', 'Delantero', 15),
('Neuer', 'Manuel', '1986-03-27', 'Alemania', 'Portero', 16),
('Sommer', 'Yann', '1988-12-17', 'Suiza', 'Portero', 16),
('Ulreich', 'Sven', '1988-08-03', 'Alemania', 'Portero', 16),
('Schenk', 'Johannes', '2002-11-02', 'Alemania', 'Portero', 16),
('de Ligt', 'Matthijs', '1999-08-12', 'Países Bajos', 'Defensor', 16),
('Upamecano', 'Dayot', '1998-10-27', 'Francia', 'Defensor', 16),
('Hernández', 'Lucas', '1996-02-14', 'Francia', 'Defensor', 16),
('Pavard', 'Benjamin', '1996-03-28', 'Francia', 'Defensor', 16),
('Nianzou', 'Tanguy', '2002-06-07', 'Francia', 'Defensor', 16),
('Blind', 'Daley', '1990-03-09', 'Países Bajos', 'Defensor', 16),
('Janitzek', 'Justin', '2003-04-10', 'Alemania', 'Defensor', 16),
('Morrison', 'Liam', '2003-01-31', 'Escocia', 'Defensor', 16),
('Marusic', 'Gabriel', '2003-01-19', 'Croacia', 'Defensor', 16),
('Davies', 'Alphonso', '2000-11-02', 'Canadá', 'Defensor', 16),
('Cancelo', 'João', '1994-05-27', 'Portugal', 'Defensor', 16),
('Mazraoui', 'Noussair', '1997-11-14', 'Marruecos', 'Defensor', 16),
('Stanisic', 'Josip', '2000-04-02', 'Croacia', 'Defensor', 16),
('Sarr', 'Bouna', '1992-01-31', 'Senegal', 'Defensor', 16),
('Kimmich', 'Joshua', '1995-02-08', 'Alemania', 'Mediocampista', 16),
('Pavlovic', 'Aleksandar', '2003-05-06', 'Alemania', 'Mediocampista', 16),
('Goretzka', 'Leon', '1995-02-06', 'Alemania', 'Mediocampista', 16),
('Gravenberch', 'Ryan', '2002-05-16', 'Países Bajos', 'Mediocampista', 16),
('Sabitzer', 'Marcel', '1994-03-17', 'Austria', 'Mediocampista', 16),
('Musiala', 'Jamal', '2003-02-26', 'Alemania', 'Mediocampista', 16),
('Coman', 'Kingsley', '1996-06-13', 'Francia', 'Delantero', 16),
('Mané', 'Sadio', '1992-04-10', 'Senegal', 'Delantero', 16),
('Vidovic', 'Gabriel', '2003-04-05', 'Croacia', 'Delantero', 16),
('Ibrahimovic', 'Arijon', '2005-03-04', 'Alemania', 'Delantero', 16),
('Sané', 'Leroy', '1996-01-11', 'Alemania', 'Delantero', 16),
('Gnabry', 'Serge', '1995-07-14', 'Alemania', 'Delantero', 16),
('Wanner', 'Paul', '2005-12-24', 'Alemania', 'Delantero', 16),
('Müller', 'Thomas', '1989-09-13', 'Alemania', 'Delantero', 16),
('Tel', 'Mathys', '2005-04-27', 'Francia', 'Delantero', 16),
('Zirkzee', 'Joshua', '2001-05-23', 'Países Bajos', 'Delantero', 16),
('Choupo-Moting', 'Eric Maxim', '1989-03-24', 'Camerún', 'Delantero', 16),
('Cohen', 'Josh', '1992-08-18', 'Estados Unidos', 'Portero', 17),
('Mishpati', 'Roi', '1992-11-24', 'Israel', 'Portero', 17),
('Kaiuf', 'Sharif', '2001-06-25', 'Israel', 'Portero', 17),
('Fucs', 'Roee', '1998-12-14', 'Israel', 'Portero', 17),
('Seck', 'Abdoulaye', '1992-06-04', 'Senegal', 'Defensor', 17),
('Batubinsika', 'Dylan', '1996-02-15', 'RD del Congo', 'Defensor', 17),
('Goldberg', 'Shon', '1995-06-13', 'Israel', 'Defensor', 17),
('Arad', 'Ofri', '1998-09-11', 'Israel', 'Defensor', 17),
('Dahan', 'Ori', '1999-12-07', 'Israel', 'Defensor', 17),
('Gershon', 'Rami', '1988-08-12', 'Israel', 'Defensor', 17),
('Planic', 'Bogdan', '1992-01-19', 'Serbia', 'Defensor', 17),
('Laish', 'Yonatan', '2004-01-27', 'Israel', 'Defensor', 17),
('Cornud', 'Pierre', '1996-12-12', 'Francia', 'Defensor', 17),
('Menahem', 'Sun', '1993-09-07', 'Israel', 'Defensor', 17),
('Sundgren', 'Daniel', '1990-11-23', 'Suecia', 'Defensor', 17),
('Meir', 'Raz', '1996-11-30', 'Israel', 'Defensor', 17),
('Eliyahu', 'Yinon', '1993-11-01', 'Israel', 'Defensor', 17),
('Feingold', 'Ilay', '2004-08-24', 'Israel', 'Defensor', 17),
('Mohamed', 'Ali', '1995-10-07', 'Níger', 'Mediocampista', 17),
('Lavi', 'Neta', '1996-08-25', 'Israel', 'Mediocampista', 17),
('Naor', 'Goni', '1999-04-24', 'Israel', 'Mediocampista', 17),
('Zargary', 'Aviel', '2002-12-11', 'Israel', 'Mediocampista', 17),
('Abu Fani', 'Mohammed', '1998-04-27', 'Israel', 'Mediocampista', 17),
('Jaber', 'Mahmoud', '1999-10-05', 'Israel', 'Mediocampista', 17),
('Levi', 'Maor', '2000-06-18', 'Israel', 'Mediocampista', 17),
('Zaarura', 'Basam', '2002-11-13', 'Israel', 'Mediocampista', 17),
('Saba', 'Dia', '1992-11-18', 'Israel', 'Mediocampista', 17),
('Chery', 'Tjaronn', '1988-06-04', 'Surinam', 'Mediocampista', 17),
('Ben Shimol', 'Ziv', '2004-01-27', 'Israel', 'Mediocampista', 17),
('Haziza', 'Dolev', '1995-07-05', 'Israel', 'Delantero', 17),
('Tchibota', 'Mavis', '1996-05-07', 'Congo', 'Delantero', 17),
('Podgoreanu', 'Suf', '2002-01-20', 'Israel', 'Delantero', 17),
('Atzili', 'Omer', '1993-07-27', 'Israel', 'Delantero', 17),
('Khalaili', 'Anan', '2002-03-08', 'Israel', 'Delantero', 17),
('Rukavytsya', 'Nikita', '1987-06-23', 'Australia', 'Delantero', 17),
('Altman', 'Tomer', '1999-06-25', 'Israel', 'Delantero', 17),
('David', 'Muhammed', '2000-02-14', 'Israel', 'Delantero', 17),
('Meret', 'Alex', '1997-03-23', 'Italia', 'Portero', 18),
('Gollini', 'Pierluigi', '1995-03-18', 'Italia', 'Portero', 18),
('Sirigu', 'Salvatore', '1987-01-12', 'Italia', 'Portero', 18),
('Idasiak', 'Hubert', '2002-02-03', 'Polonia', 'Portero', 18),
('Boffelli', 'Valerio', '2004-09-04', 'Italia', 'Portero', 18),
('Marfella', 'Davide', '1999-09-15', 'Italia', 'Portero', 18),
('Kim', 'Min-jae', '1996-11-15', 'Corea del Sur', 'Defensor', 18),
('Rrahmani', 'Amir', '1994-02-25', 'Kosovo', 'Defensor', 18),
('Østigård', 'Leo', '1999-11-28', 'Noruega', 'Defensor', 18),
('Jesus', 'Juan', '1991-06-10', 'Brasil', 'Defensor', 18),
('Olivera', 'Mathías', '1997-10-31', 'Uruguay', 'Defensor', 18),
('Rui', 'Mário', '1991-05-27', 'Portugal', 'Defensor', 18),
('Di Lorenzo', 'Giovanni', '1993-08-04', 'Italia', 'Defensor', 18),
('Zanoli', 'Alessandro', '2000-10-03', 'Italia', 'Defensor', 18),
('Bereszynski', 'Bartosz', '1992-07-12', 'Polonia', 'Defensor', 18),
('Lobotka', 'Stanislav', '1994-11-25', 'Eslovaquia', 'Mediocampista', 18),
('Demme', 'Diego', '1991-11-21', 'Alemania', 'Mediocampista', 18),
('Anguissa', 'Frank', '1995-11-16', 'Camerún', 'Mediocampista', 18),
('Zielinski', 'Piotr', '1994-05-20', 'Polonia', 'Mediocampista', 18),
('Elmas', 'Eljif', '1999-09-25', 'Macedonia del Norte', 'Mediocampista', 18),
('Ndombélé', 'Tanguy', '1996-12-28', 'Francia', 'Mediocampista', 18),
('Zedadka', 'Karim', '2000-06-09', 'Argelia', 'Mediocampista', 18),
('Gaetano', 'Gianluca', '2000-05-05', 'Italia', 'Mediocampista', 18),
('Kvaratskhelia', 'Khvicha', '2001-02-12', 'Georgia', 'Delantero', 18),
('Zerbin', 'Alessio', '1999-03-03', 'Italia', 'Delantero', 18),
('Lozano', 'Hirving', '1995-07-30', 'México', 'Delantero', 18),
('Politano', 'Matteo', '1993-08-03', 'Italia', 'Delantero', 18),
('Ounas', 'Adam', '1996-11-11', 'Argelia', 'Delantero', 18),
('Raspadori', 'Giacomo', '2000-02-18', 'Italia', 'Delantero', 18),
('Osimhen', 'Victor', '1998-12-29', 'Nigeria', 'Delantero', 18),
('Simeone', 'Giovanni', '1995-07-05', 'Argentina', 'Delantero', 18),
('Arrizabalaga', 'Kepa', '1994-10-03', 'España', 'Portero', 19),
('Mendy', 'Edouard', '1992-03-01', 'Senegal', 'Portero', 19),
('Slonina', 'Gabriel', '2004-05-15', 'Estados Unidos', 'Portero', 19),
('Bettinelli', 'Marcus', '1992-05-25', 'Inglaterra', 'Portero', 19),
('Bergström', 'Lucas', '2002-09-05', 'Finlandia', 'Portero', 19),
('Fofana', 'Wesley', '2000-12-17', 'Francia', 'Defensor', 19),
('Badiashile', 'Benoît', '2001-03-26', 'Francia', 'Defensor', 19),
('Chalobah', 'Trevoh', '1999-07-05', 'Inglaterra', 'Defensor', 19),
('Koulibaly', 'Kalidou', '1991-06-20', 'Senegal', 'Defensor', 19),
('Silva', 'Thiago', '1984-09-23', 'Brasil', 'Defensor', 19),
('Chilwell', 'Ben', '1996-12-21', 'Inglaterra', 'Defensor', 19),
('Cucurella', 'Marc', '1998-07-23', 'España', 'Defensor', 19),
('James', 'Reece', '1999-12-08', 'Inglaterra', 'Defensor', 19),
('Azpilicueta', 'César', '1989-08-28', 'España', 'Defensor', 19),
('Jorginho', 'Frello', '1991-12-20', 'Italia', 'Mediocampista', 19),
('Zakaria', 'Denis', '1996-11-20', 'Suiza', 'Mediocampista', 19),
('Kanté', 'N Golo', '1991-03-29', 'Francia', 'Mediocampista', 19),
('Fernández', 'Enzo', '2001-01-17', 'Argentina', 'Mediocampista', 19),
('Kovacic', 'Mateo', '1994-05-06', 'Croacia', 'Mediocampista', 19),
('Gallagher', 'Conor', '2000-06-02', 'Inglaterra', 'Mediocampista', 19),
('Loftus-Cheek', 'Ruben', '1996-01-24', 'Inglaterra', 'Mediocampista', 19),
('Chukwuemeka', 'Carney', '2003-10-20', 'Inglaterra', 'Mediocampista', 19),
('Mount', 'Mason', '1999-01-10', 'Inglaterra', 'Mediocampista', 19),
('Havertz', 'Kai', '1999-06-11', 'Alemania', 'Mediocampista', 19),
('Sterling', 'Raheem', '1994-12-08', 'Inglaterra', 'Delantero', 19),
('Félix', 'João', '1999-11-10', 'Portugal', 'Delantero', 19),
('Mudryk', 'Mykhaylo', '2001-01-05', 'Ucrania', 'Delantero', 19),
('Madueke', 'Noni', '2002-03-10', 'Inglaterra', 'Delantero', 19),
('Pulisic', 'Christian', '1998-09-18', 'Estados Unidos', 'Delantero', 19),
('Ziyech', 'Hakim', '1993-03-19', 'Marruecos', 'Delantero', 19),
('Broja', 'Armando', '2001-09-10', 'Albania', 'Delantero', 19),
('Fofana', 'David Datro', '2002-12-23', 'Costa de Marfil', 'Delantero', 19),
('Aubameyang', 'Pierre-Emerick', '1989-06-18', 'Gabón', 'Delantero', 19),
('Hart', 'Joe', '1987-04-19', 'Inglaterra', 'Portero', 20),
('Siegrist', 'Benjamin', '1992-01-31', 'Suiza', 'Portero', 20),
('Hazard', 'Conor', '1998-03-05', 'Irlanda del Norte', 'Portero', 20),
('Bain', 'Scott', '1991-11-23', 'Escocia', 'Portero', 20),
('Carter-Vickers', 'Cameron', '1997-12-31', 'Estados Unidos', 'Defensor', 20),
('Jenz', 'Moritz', '1999-04-30', 'Alemania', 'Defensor', 20),
('Starfelt', 'Carl', '1995-06-01', 'Suecia', 'Defensor', 20),
('Welsh', 'Stephen', '2000-01-19', 'Escocia', 'Defensor', 20),
('Kobayashi', 'Yuki', '2000-07-18', 'Japón', 'Defensor', 20),
('Scales', 'Liam', '1998-08-08', 'Irlanda', 'Defensor', 20),
('Lawal', 'Bosun', '2003-05-30', 'Irlanda', 'Defensor', 20),
('Taylor', 'Greg', '1997-11-05', 'Escocia', 'Defensor', 20),
('Bernabéi', 'Alexandro', '2000-09-25', 'Argentina', 'Defensor', 20),
('Montgomery', 'Adam', '2002-07-18', 'Escocia', 'Defensor', 20),
('Juranovic', 'Josip', '1995-08-16', 'Croacia', 'Defensor', 20),
('Johnston', 'Alistair', '1998-10-08', 'Canadá', 'Defensor', 20),
('Ralston', 'Anthony', '1998-11-16', 'Escocia', 'Defensor', 20),
('Abildgaard', 'Oliver', '1996-06-10', 'Dinamarca', 'Mediocampista', 20),
('Iwata', 'Tomoki', '1997-04-07', 'Japón', 'Mediocampista', 20),
('Soro', 'Ismaila', '1998-05-07', 'Costa de Marfil', 'Mediocampista', 20),
('Shaw', 'Liam', '2001-03-12', 'Inglaterra', 'Mediocampista', 20),
('Hatate', 'Reo', '1997-11-21', 'Japón', 'Mediocampista', 20),
('O Riley', 'Matt', '2000-11-21', 'Dinamarca', 'Mediocampista', 20),
('McGregor', 'Callum', '1993-06-14', 'Escocia', 'Mediocampista', 20),
('Mooy', 'Aaron', '1990-09-15', 'Australia', 'Mediocampista', 20),
('Turnbull', 'David', '1999-07-10', 'Escocia', 'Mediocampista', 20),
('Ideguchi', 'Yosuke', '1996-08-24', 'Japón', 'Mediocampista', 20),
('McCarthy', 'James', '1990-11-12', 'Irlanda', 'Mediocampista', 20),
('Robertson', 'Scott', '2001-07-27', 'Escocia', 'Mediocampista', 20),
('Vata', 'Rocco', '2005-04-18', 'Irlanda', 'Mediocampista', 20),
('Summers', 'Ben', '2004-06-16', 'Escocia', 'Mediocampista', 20),
('Forrest', 'James', '1991-07-07', 'Escocia', 'Delantero', 20),
('Maeda', 'Daizen', '1997-10-20', 'Japón', 'Delantero', 20),
('Furuhashi', 'Kyogo', '1995-01-20', 'Japón', 'Delantero', 20),
('Giakoumakis', 'Giorgos', '1994-12-09', 'Grecia', 'Delantero', 20),
('Abada', 'Liel', '2001-10-03', 'Israel', 'Delantero', 20),
('Mignolet', 'Simon', '1988-03-06', 'Bélgica', 'Portero', 21),
('Bursik', 'Josef', '2000-07-12', 'Inglaterra', 'Portero', 21),
('Lammens', 'Senne', '2002-07-07', 'Bélgica', 'Portero', 21),
('Shinton', 'Nick', '2001-05-10', 'Bélgica', 'Portero', 21),
('Sylla', 'Abakar', '2002-12-25', 'Costa de Marfil', 'Defensor', 21),
('Meijer', 'Bjorn', '2003-03-18', 'Paises Bajos', 'Defensor', 21),
('Mechele', 'Brandon', '1993-01-28', 'Bélgica', 'Defensor', 21),
('Hendry', 'Jack', '1995-05-07', 'Escocia', 'Defensor', 21),
('Spileers', 'Jorne', '2005-01-21', 'Bélgica', 'Defensor', 21),
('Ordóñez', 'Joel', '2004-04-21', 'Ecuador', 'Defensor', 21),
('Boyata', 'Dedryck', '1990-11-28', 'Bélgica', 'Defensor', 21),
('Meijer', 'Bjorn', '2003-03-18', 'Países Bajos', 'Defensor', 21),
('Sobol', 'Eduard', '1995-04-20', 'Ucrania', 'Defensor', 21),
('Seys', 'Joaquin', '2005-03-28', 'Bélgica', 'Defensor', 21),
('Mata', 'Clinton', '1992-11-07', 'Angola', 'Defensor', 21),
('Sabbe', 'Kyriani', '2005-01-26', 'Bélgica', 'Defensor', 21),
('Odoi', 'Denis', '1988-05-27', 'Ghana', 'Defensor', 21),
('De Roeve', 'Denzel', '2004-08-10', 'Bélgica', 'Defensor', 21),
('Onyedika', 'Raphael', '2001-04-19', 'Nigeria', 'Mediocampista', 21),
('Rits', 'Mats', '1993-07-18', 'Bélgica', 'Mediocampista', 21),
('Mbamba', 'Noah', '2005-01-05', 'Bélgica', 'Mediocampista', 21),
('Balanta', 'Éder', '1993-02-28', 'Colombia', 'Mediocampista', 21),
('Audoor', 'Lynnt', '2003-10-13', 'Bélgica', 'Mediocampista', 21),
('Otasowie', 'Owen', '2001-01-06', 'Estados Unidos', 'Mediocampista', 21),
('Nielsen', 'Casper', '1994-04-29', 'Dinamarca', 'Mediocampista', 21),
('Vormer', 'Ruud', '1988-05-11', 'Países Bajos', 'Mediocampista', 21),
('Homma', 'Shion', '2000-08-09', 'Japón', 'Mediocampista', 21),
('De Ketelaere', 'Charles', '2001-03-10', 'Bélgica', 'Mediocampista', 21),
('Vanaken', 'Hans', '1992-08-24', 'Bélgica', 'Mediocampista', 21),
('Persyn', 'Tibo', '2002-01-03', 'Bélgica', 'Delantero', 21),
('Jutglá', 'Ferran', '1999-01-02', 'Canadá', 'Delantero', 21),
('Sowah', 'Kamal', '1999-12-29', 'Ghana', 'Delantero', 21),
('Skov Olsen', 'Andreas', '2004-04-04', 'Dinamarca', 'Delantero', 21),
('Stanek', 'Jindrich', '1996-04-27', 'República Checa', 'Portero', 22),
('Jedlicka', 'Martin', '1998-01-25', 'República Checa', 'Portero', 22),
('Tvrdon', 'Marian', '1994-08-18', 'Eslovaquia', 'Portero', 22),
('Zadrazil', 'Adam', '2000-08-06', 'República Checa', 'Portero', 22),
('Baier', 'Viktor', '2005-01-16', 'República Checa', 'Portero', 22),
('Jemelka', 'Vaclav', '1995-06-24', 'República Checa', 'Defensor', 22),
('Hejda', 'Lukas', '1990-03-09', 'República Checa', 'Defensor', 22),
('Pernica', 'Ludek', '1990-06-16', 'República Checa', 'Defensor', 22),
('Cihak', 'Filip', '1999-07-10', 'República Checa', 'Defensor', 22),
('Kasa', 'Filip', '1994-01-01', 'República Checa', 'Defensor', 22),
('Tijani', 'Mohamed', '1997-07-10', 'Benín', 'Defensor', 22),
('Cihak', 'Adam', '1995-04-13', 'República Checa', 'Defensor', 22),
('Holik', 'Libor', '1998-05-12', 'República Checa', 'Defensor', 22),
('Havel', 'Milan', '1994-08-07', 'República Checa', 'Defensor', 22),
('Reznik', 'Radim', '1989-01-20', 'República Checa', 'Defensor', 22),
('Kalvach', 'Lukas', '1995-07-19', 'República Checa', 'Mediocampista', 22),
('Bucha', 'Pavel', '1998-03-11', 'República Checa', 'Mediocampista', 22),
('Kvet', 'Roman', '1997-12-17', 'República Checa', 'Mediocampista', 22),
('N Diaye', 'Modou', '1996-10-29', 'Senegal', 'Mediocampista', 22),
('Qose', 'Kristi', '1995-06-10', 'Albania', 'Mediocampista', 22),
('Carlos', 'Lopez', '1997-08-08', 'Brasil', 'Mediocampista', 22),
('Kopic', 'Jan', '1990-06-04', 'República Checa', 'Mediocampista', 22),
('Pilar', 'Vaclav', '1988-10-13', 'República Checa', 'Mediocampista', 22),
('Vlkanova', 'Adam', '1994-09-04', 'República Checa', 'Mediocampista', 22),
('Cermak', 'Ales', '1994-10-01', 'República Checa', 'Mediocampista', 22),
('Alvir', 'Marko', '1994-04-19', 'Croacia', 'Mediocampista', 22),
('Gaszczyk', 'Pavel', '2005-02-17', 'República Checa', 'Mediocampista', 22),
('Sykora', 'Jan', '1993-12-29', 'República Checa', 'Delantero', 22),
('Mosquera', 'Jhon', '1990-05-08', 'Colombia', 'Delantero', 22),
('Vrba', 'Adam', '2001-04-13', 'República Checa', 'Delantero', 22),
('Jirka', 'Erik', '1997-09-19', 'Eslovaquia', 'Delantero', 22),
('Trusa', 'Matej', '2000-11-02', 'República Checa', 'Delantero', 22),
('Bassey', 'Sulaiman', '2001-06-01', 'Ghana', 'Delantero', 22),
('Drmola', 'Jiri', '1995-08-18', 'República Checa', 'Delantero', 22),
('Mihalik', 'Lukas', '1997-11-12', 'República Checa', 'Delantero', 22),
('Chory', 'Tomas', '1995-05-26', 'República Checa', 'Delantero', 22),
('Zahustel', 'Michal', '1992-04-19', 'República Checa', 'Delantero', 22),
('Rakovan', 'Patrik', '1997-07-27', 'República Checa', 'Delantero', 22),
('Falta', 'Petr', '1992-05-11', 'República Checa', 'Delantero', 22),
('Tetteh', 'Benjamin', '1997-02-10', 'Ghana', 'Delantero', 22),
('Trapp', 'Kevin', '1990-07-08', 'Alemania', 'Portero', 23),
('Ramaj', 'Diant', '2001-09-19', 'Alemania', 'Portero', 23),
('Horz', 'Jannik', '2003-04-14', 'Alemania', 'Portero', 23),
('Grahl', 'Jens', '1988-09-23', 'Alemania', 'Portero', 23),
('Simoni', 'Simon', '2004-07-14', 'Albania', 'Portero', 23),
('Ndicka', 'Evan', '1999-08-20', 'Francia', 'Defensor', 23),
('Tuta', 'Silva', '1999-07-04', 'Brasil', 'Defensor', 23),
('Smolcic', 'Hrvoje', '2000-08-17', 'Croacia', 'Defensor', 23),
('Touré', 'Almamy', '1996-04-28', 'Francia', 'Defensor', 23),
('Onguéné', 'Jérôme', '1997-12-23', 'Francia', 'Defensor', 23),
('Hasebe', 'Makoto', '1984-01-18', 'Japón', 'Defensor', 23),
('Gebuhr', 'Dario', '2003-05-06', 'Alemania', 'Defensor', 23),
('Pellegrini', 'Luca', '1999-03-07', 'Italia', 'Defensor', 23),
('Max', 'Philipp', '1993-09-30', 'Alemania', 'Defensor', 23),
('Lenz', 'Christopher', '1994-09-23', 'Alemania', 'Defensor', 23),
('Schröder', 'Jan', '2003-04-15', 'Alemania', 'Defensor', 23),
('Buta', 'Aurélio', '1997-02-10', 'Portugal', 'Defensor', 23),
('Chandler', 'Timothy', '1990-03-29', 'Estados Unidos', 'Defensor', 23),
('Jakic', 'Kristijan', '1997-05-14', 'Croacia', 'Mediocampista', 23),
('Sow', 'Djibril', '1997-02-06', 'Suiza', 'Mediocampista', 23),
('Ebimbe', 'Junior Dina', '2000-11-21', 'Francia', 'Mediocampista', 23),
('Rode', 'Sebastian', '1990-11-11', 'Alemania', 'Mediocampista', 23),
('Wenig', 'Marcel', '2004-05-04', 'Alemania', 'Mediocampista', 23),
('Loune', 'Mehdi', '2004-05-14', 'Alemania', 'Mediocampista', 23),
('Knauff', 'Ansgar', '2002-01-10', 'Alemania', 'Mediocampista', 23),
('Kostić', 'Filip', '1992-11-01', 'Serbia', 'Mediocampista', 23),
('Lindstrøm', 'Jesper', '2000-02-29', 'Dinamarca', 'Mediocampista', 23),
('Kamada', 'Daichi', '1996-08-05', 'Japón', 'Mediocampista', 23),
('Götze', 'Mario', '1992-06-03', 'Alemania', 'Mediocampista', 23),
('Aaronson', 'Paxten', '2003-08-26', 'Estados Unidos', 'Mediocampista', 23),
('Kolo Muani', 'Randal', '1998-12-05', 'Francia', 'Mediocampista', 23),
('Alidou', 'Faride', '2001-07-18', 'Alemania', 'Delantero', 23),
('Alario', 'Lucas', '1992-10-08', 'Argentina', 'Delantero', 23),
('Borre', 'Rafael Santos', '1995-09-15', 'Colombia', 'Delantero', 23),
('Lloris', 'Hugo', '1986-12-26', 'Francia', 'Portero', 24),
('Forster', 'Fraser', '1988-03-17', 'Inglaterra', 'Portero', 24),
('Whiteman', 'Alfie', '1998-10-02', 'Inglaterra', 'Portero', 24),
('Austin', 'Brandon', '1999-01-08', 'Inglaterra', 'Portero', 24),
('Romero', 'Cristian', '1998-04-27', 'Argentina', 'Defensor', 24),
('Dier', 'Eric', '1994-01-15', 'Inglaterra', 'Defensor', 24),
('Sánchez', 'Davinson', '1996-06-12', 'Colombia', 'Defensor', 24),
('Lenglet', 'Clément', '1995-06-17', 'Francia', 'Defensor', 24),
('Tanganga', 'Japhet', '1999-03-31', 'Inglaterra', 'Defensor', 24),
('Davies', 'Ben', '1993-04-25', 'Gales', 'Defensor', 24),
('Porro', 'Pedro', '1999-09-13', 'España', 'Defensor', 24),
('Royal', 'Emerson', '1999-01-14', 'Brasil', 'Defensor', 24),
('Spence', 'Djed', '2000-08-09', 'Inglaterra', 'Defensor', 24),
('Doherty', 'Matt', '1992-01-16', 'Irlanda', 'Defensor', 24),
('Skipp', 'Oliver', '2000-09-16', 'Inglaterra', 'Mediocampista', 24),
('White', 'Harvey', '2001-09-19', 'Inglaterra', 'Mediocampista', 24),
('Craig', 'Matthew', '2003-04-16', 'Escocia', 'Mediocampista', 24),
('Abbott', 'George', '2005-08-17', 'Inglaterra', 'Mediocampista', 24),
('Højbjerg', 'Pierre-Emile', '1995-08-05', 'Dinamarca', 'Mediocampista', 24),
('Bentancur', 'Rodrigo', '1997-06-25', 'Uruguay', 'Mediocampista', 24),
('Bissouma', 'Yves', '1996-08-30', 'Malí', 'Mediocampista', 24),
('Sarr', 'Pape Matar', '2002-09-14', 'Senegal', 'Mediocampista', 24),
('Sessegnon', 'Ryan', '2000-05-18', 'Inglaterra', 'Mediocampista', 24),
('Perisic', 'Ivan', '1989-02-02', 'Croacia', 'Mediocampista', 24),
('Devine', 'Alfie', '2004-08-01', 'Inglaterra', 'Mediocampista', 24),
('Danjuma', 'Arnaut', '1997-01-31', 'Países Bajos', 'Delantero', 24),
('Gil', 'Bryan', '2001-02-11', 'España', 'Delantero', 24),
('Santiago', 'Yago', '2003-04-15', 'España', 'Delantero', 24),
('Kulusevski', 'Dejan', '2000-04-25', 'Suecia', 'Delantero', 24),
('Moura', 'Lucas', '1992-08-13', 'Brasil', 'Delantero', 24),
('Son', 'Heung-min', '1992-07-08', 'Corea del Sur', 'Delantero', 24),
('Kane', 'Harry', '1993-07-28', 'Inglaterra', 'Delantero', 24),
('Scarlett', 'Dane', '2004-03-25', 'Inglaterra', 'Delantero', 24),
('Donnarumma', 'Gianluigi', '1999-02-25', 'Italia', 'Portero', 25),
('Navas', 'Keylor', '1986-12-15', 'Costa Rica', 'Portero', 25),
('Rico', 'Sergio', '1993-09-01', 'España', 'Portero', 25),
('Lavallée', 'Lucas', '2003-02-18', 'Francia', 'Portero', 25),
('Letellier', 'Alexandre', '1990-12-11', 'Francia', 'Portero', 25),
('Aoás Corrêa', 'Marquinho', '1994-05-14', 'Brasil', 'Defensor', 25),
('Kimpembe', 'Presnel', '1995-08-13', 'Francia', 'Defensor', 25),
('Diallo', 'Abdou', '1996-05-04', 'Senegal', 'Defensor', 25),
('Bitshiabu', 'El Chadaille', '2005-05-16', 'Francia', 'Defensor', 25),
('Ramos', 'Sergio', '1986-03-30', 'España', 'Defensor', 25),
('Fernandez', 'Nehemiah', '2004-12-11', 'Francia', 'Defensor', 25),
('Mendes', 'Nuno', '2002-06-19', 'Portugal', 'Defensor', 25),
('Bernat', 'Juan', '1993-03-01', 'España', 'Defensor', 25),
('Nhaga', 'Serif', '2005-09-01', 'Portugal', 'Defensor', 25),
('Hakimi', 'Achraf', '1998-11-04', 'Marruecos', 'Defensor', 25),
('Mukiele', 'Nordi', '1997-11-01', 'Francia', 'Defensor', 25),
('Pembélé', 'Timothée', '2002-09-09', 'Francia', 'Defensor', 25),
('Lamy', 'Hugo', '2004-01-16', 'Francia', 'Defensor', 25),
('Paredes', 'Leandro', '1994-06-29', 'Argentina', 'Mediocampista', 25),
('Pereira', 'Danilo', '1991-09-09', 'Portugal', 'Mediocampista', 25),
('Ferreira', 'Vitinha', '2000-02-13', 'Portugal', 'Mediocampista', 25),
('Verratti', 'Marco', '1992-11-05', 'Italia', 'Mediocampista', 25),
('Ruiz', 'Fabián', '1996-04-03', 'España', 'Mediocampista', 25),
('Soler', 'Carlos', '1997-01-02', 'España', 'Mediocampista', 25),
('Zaïre-Emery', 'Warren', '2006-03-08', 'Francia', 'Mediocampista', 25),
('Sanches', 'Renato', '1997-08-18', 'Portugal', 'Mediocampista', 25),
('Gueye', 'Idrissa', '1989-09-26', 'Senegal', 'Mediocampista', 25),
('Kari', 'Ayman', '2004-11-19', 'Francia', 'Mediocampista', 25),
('Gharbi', 'Ismaël', '2004-04-10', 'Francia', 'Mediocampista', 25),
('Santos Júnior', 'Neymar', '1992-02-05', 'Brasil', 'Delantero', 25),
('Messi', 'Lionel', '1987-06-25', 'Argentina', 'Delantero', 25),
('Sarabia', 'Pablo', '1992-05-11', 'España', 'Delantero', 25),
('Mbappé', 'Kylian', '1998-12-20', 'Francia', 'Delantero', 25),
('Ekitike', 'Hugo', '2002-04-20', 'Francia', 'Delantero', 25),
('Housni', 'Ilyes', '2004-05-02', 'Francia', 'Delantero', 25),
('Köhn', 'Philipp', '1998-04-02', 'Suiza', 'Portero', 26),
('Mantl', 'Nico', '2000-02-06', 'Alemania', 'Portero', 26),
('Stejskal', 'Adam', '2002-03-28', 'República Checa', 'Portero', 26),
('Krumrey', 'Jonas', '2003-11-25', 'Alemania', 'Portero', 26),
('Walke', 'Alexander', '1983-06-06', 'Alemania', 'Portero', 26),
('Pavlovic', 'Strahinja', '2001-05-24', 'Serbia', 'Defensor', 26),
('Solet', 'Oumar', '2000-02-07', 'Francia', 'Defensor', 26),
('Wöber', 'Maximilian', '1998-02-04', 'Austria', 'Defensor', 26),
('Piatkowski', 'Kamil', '2000-06-21', 'Polonia', 'Defensor', 26),
('Fernandez', 'Bernardo', '1995-05-14', 'Brasil', 'Defensor', 26),
('Onguéné', 'Jérôme', '1997-12-22', 'Camerún', 'Defensor', 26),
('Okoh', 'Bryan', '2003-05-16', 'Suiza', 'Defensor', 26),
('Baidoo', 'Samson', '2004-03-31', 'Austria', 'Defensor', 26),
('Wallner', 'Lukas', '2003-04-26', 'Austria', 'Defensor', 26),
('Guindo', 'Daouda', '2002-10-14', 'Malí', 'Defensor', 26),
('Ibertsberger', 'Lukas', '2003-08-06', 'Austria', 'Defensor', 26),
('Ulmer', 'Andreas', '1985-10-30', 'Austria', 'Defensor', 26),
('Dedic', 'Amar', '2002-08-18', 'Bosnia y Herzegovina', 'Defensor', 26),
('Van der Brempt', 'Ignace', '2002-04-01', 'Bélgica', 'Defensor', 26),
('Gourna-Douath', 'Lucas', '2003-08-05', 'Francia', 'Mediocampista', 26),
('Diambou', 'Mamady', '2002-11-11', 'Malí', 'Mediocampista', 26),
('Tijani', 'Samson', '2002-05-17', 'Nigeria', 'Mediocampista', 26),
('Seiwald', 'Nicolas', '2001-05-04', 'Austria', 'Mediocampista', 26),
('Kjaergaard', 'Maurits', '2003-06-26', 'Dinamarca', 'Mediocampista', 26),
('Capaldo', 'Nicolás', '1998-09-14', 'Argentina', 'Mediocampista', 26),
('Bernede', 'Antoine', '1999-05-26', 'Francia', 'Mediocampista', 26),
('Agyekum', 'Lawrence', '2003-11-23', 'Ghana', 'Mediocampista', 26),
('Diarra', 'Youba', '1998-03-24', 'Malí', 'Mediocampista', 26),
('Omoregie', 'Justin', '2003-09-21', 'Austria', 'Mediocampista', 26),
('Yeo', 'Moussa Kounfolo', '2004-06-01', 'Malí', 'mediocampista', 26),
('Sucic', 'Luka', '2002-09-08', 'Croacia', 'Mediocampista', 26),
('Gloukh', 'Oscar', '2004-04-01', 'Israel', 'Mediocampista', 26),
('Kameri', 'Dijon', '2004-04-20', 'Austria', 'Mediocampista', 26),
('Forson', 'Amankwah', '2002-12-31', 'Ghana', 'Mediocampista', 26),
('Sesko', 'Benjamin', '2003-05-31', 'Eslovenia', 'Delantero', 26),
('Okafor', 'Noah', '2000-05-24', 'Suiza', 'Delantero', 26),
('Dos Santos', 'Fernando', '1999-03-01', 'Brasil', 'Delantero', 26),
('Adamu', 'Junior', '2001-06-06', 'Austria', 'Delantero', 26),
('Koita', 'Sekou', '1999-11-28', 'Malí', 'Delantero', 26),
('Konaté', 'Karim', '2004-03-21', 'Costa de Marfil', 'Delantero', 26),
('Simic', 'Roko', '2003-09-10', 'Croacia', 'Delantero', 26),
('Diakité', 'Oumar', '2003-12-20', 'Costa de Marfil', 'Delantero', 26),
('Livakovic', 'Dominik', '1995-01-09', 'Croacia', 'Portero', 27),
('Nevistic', 'Ivan', '1998-07-31', 'Croacia', 'Portero', 27),
('Zagorac', 'Danijel', '1987-02-07', 'Croacia', 'Portero', 27),
('Sutalo', 'Josip', '2000-02-28', 'Croacia', 'Defensor', 27),
('Peric', 'Dino', '1994-07-12', 'Croacia', 'Defensor', 27),
('Lauritsen', 'Rasmus', '1996-02-27', 'Dinamarca', 'Defensor', 27),
('Perkovic', 'Mauro', '2003-03-22', 'Croacia', 'Defensor', 27),
('Sutalo', 'Bosko', '2000-01-01', 'Croacia', 'Defensor', 27),
('Theophile-Catherine', 'Kévin', '1989-10-28', 'Francia', 'Defensor', 27),
('Dilaver', 'Emir', '1991-05-07', 'Austria', 'Defensor', 27),
('Gurlica', 'Jakov', '2004-01-10', 'Croacia', 'Defensor', 27),
('Zivkovic', 'Moreno', '2004-05-22', 'Croacia', 'Defensor', 27),
('Ljubicic', 'Robert', '1999-07-14', 'Croacia', 'Defensor', 27),
('Bockaj', 'Petar', '1996-07-23', 'Croacia', 'Defensor', 27),
('Stefulj', 'Daniel', '1999-11-08', 'Croacia', 'Defensor', 27),
('Moharrami', 'Sadegh', '1996-03-01', 'Irán', 'Defensor', 27),
('Ristovski', 'Stefan', '1992-02-12', 'Macedonia del Norte', 'Defensor', 27),
('Misic', 'Josip', '1994-06-28', 'Croacia', 'Mediocampista', 27),
('Ademi', 'Arijan', '1991-05-29', 'Croacia', 'Mediocampista', 27),
('Bulat', 'Marko', '2001-09-26', 'Croacia', 'Mediocampista', 27),
('Soldo', 'Marko', '2003-11-22', 'Croacia', 'Mediocampista', 27),
('Tomek', 'Fran', '2002-06-25', 'Croacia', 'Mediocampista', 27),
('Lukanic', 'Luka', '2004-05-03', 'Croacia', 'Mediocampista', 27),
('Baturina', 'Martin', '2003-02-16', 'Croacia', 'Mediocampista', 27),
('Tolic', 'Marko', '1996-07-05', 'Croacia', 'Mediocampista', 27),
('Gojak', 'Amer', '1997-02-13', 'Bosnia y Herzegovina', 'Mediocampista', 27),
('Brkljaca', 'Marko', '2004-07-15', 'Croacia', 'Mediocampista', 27),
('Vrbancic', 'Luka', '2005-07-04', 'Croacia', 'Mediocampista', 27),
('Ivanusec', 'Luka', '1998-11-26', 'Croacia', 'Mediocampista', 27),
('Orsic', 'Mislav', '1992-12-29', 'Croacia', 'Delantero', 27),
('Spikic', 'Dario', '1999-03-22', 'Croacia', 'Delantero', 27),
('Marin', 'Antonio', '2001-01-09', 'Croacia', 'Delantero', 27),
('Menalo', 'Luka', '1996-07-22', 'Bosnia y Herzegovina', 'Delantero', 27),
('Rukavina', 'Gabrijel', '2004-01-16', 'Croacia', 'Delantero', 27),
('Topic', 'Fran', '2004-03-20', 'Croacia', 'Delantero', 27),
('Petkovic', 'Bruno', '1994-09-16', 'Croacia', 'Delantero', 27),
('Drmic', 'Josip', '1992-08-08', 'Suiza', 'Delantero', 27),
('Emreli', 'Mahir', '1997-07-01', 'Azerbaiyán', 'Delantero', 27),
('Majic', 'Toni', '2006-05-03', 'Croacia', 'Delantero', 27),
('López', 'Pau', '1994-12-13', 'España', 'Portero', 28),
('Blanco', 'Rubén', '1995-07-25', 'España', 'Portero', 28),
('Ngapandouetnbu', 'Simon', '2003-04-12', 'Camerún/Francia', 'Portero', 28),
('Mbemba', 'Chancel', '1994-08-08', 'RD del Congo', 'Defensor', 28),
('Caleta-Car', 'Duje', '1996-09-17', 'Croacia', 'Defensor', 28),
('Gigot', 'Samuel', '1993-10-12', 'Francia', 'Defensor', 28),
('Balerdi', 'Leonardo', '1999-01-26', 'Argentina', 'Defensor', 28),
('Kolasinac', 'Sead', '1993-06-20', 'Bosnia y Herzegovina', 'Defensor', 28),
('Touré', 'Isaak', '2003-03-28', 'Francia', 'Defensor', 28),
('Bailly', 'Eric', '1994-04-12', 'Costa de Marfil', 'Defensor', 28),
('Said M\'Madi', 'Yakine', '2004-03-11', 'Comoras', 'Defensor', 28),
('Tavares', 'Nuno', '2000-01-26', 'Portugal', 'Defensor', 28),
('Clauss', 'Jonathan', '1992-09-25', 'Francia', 'Defensor', 28),
('Kaboré', 'Issa', '2001-05-12', 'Burkina Faso', 'Defensor', 28),
('Lirola', 'Pol', '1997-08-13', 'España', 'Defensor', 28),
('Gueye', 'Pape', '1999-01-24', 'Senegal', 'Mediocampista', 28),
('Elmaz', 'Bartuğ', '2003-02-19', 'Turquía', 'Mediocampista', 28),
('Daou', 'Raimane', '2004-11-20', 'Comoras', 'Mediocampista', 28),
('Guendouzi', 'Mattéo', '1999-04-14', 'Francia', 'Mediocampista', 28),
('Rongier', 'Valentin', '1994-12-07', 'Francia', 'Mediocampista', 28),
('Gerson', 'Gerson', '1997-05-20', 'Brasil', 'Mediocampista', 28),
('Veretout', 'Jordan', '1993-03-01', 'Francia', 'Mediocampista', 28),
('Ounahi', 'Azzedine', '2000-04-19', 'Marruecos', 'Mediocampista', 28),
('Soglo', 'Emran', '2005-11-07', 'Inglaterra', 'Mediocampista', 28),
('Gebreyesus', 'Esey', '2004-01-23', 'Suiza', 'Mediocampista', 28),
('Malinovskyi', 'Ruslan', '1993-05-04', 'Ucrania', 'Mediocampista', 28),
('Harit', 'Amine', '1997-06-18', 'Marruecos', 'Mediocampista', 28),
('Payet', 'Dimitri', '1987-03-29', 'Francia', 'Mediocampista', 28),
('Ben Seghir', 'Salim', '2003-02-24', 'Francia', 'Delantero', 28),
('Ünder', 'Cengiz', '1997-07-14', 'Turquía', 'Delantero', 28),
('Mughe', 'François', '2004-06-16', 'Camerún', 'Delantero', 28),
('Vitinha', 'Oliveira', '2000-03-15', 'Portugal', 'Delantero', 28),
('Suárez', 'Luis', '1997-12-02', 'Colombia', 'Delantero', 28),
('Dieng', 'Bamba', '2000-03-23', 'Senegal', 'Delantero', 28),
('Bakambu', 'Cédric', '1991-04-11', 'RD del Congo', 'Delantero', 28),
('Sánchez', 'Alexis', '1988-12-19', 'Chile', 'Delantero', 28),
('Bono', 'Yassine', '1991-04-05', 'Marruecos', 'Portero', 29),
('Dmitrović', 'Marko', '1992-01-24', 'Serbia', 'Portero', 29),
('Flores', 'Alberto', '2003-11-10', 'España', 'Portero', 29),
('Árbol', 'Matías', '2002-09-12', 'España', 'Portero', 29),
('Herzig', 'Marius', '1999-12-17', 'Alemania', 'Portero', 29),
('Badé', 'Loïc', '2000-04-11', 'Francia', 'Defensor', 29),
('Nianzou', 'Tanguy', '2002-06-07', 'Francia', 'Defensor', 29),
('do Nascimento', 'Marcão', '1996-06-05', 'Brasil', 'Defensor', 29),
('Rekik', 'Karim', '1994-12-02', 'Países Bajos', 'Defensor', 29),
('Gudelj', 'Nemanja', '1991-11-16', 'Serbia', 'Defensor', 29),
('Salas', 'Kike', '2002-04-23', 'España', 'Defensor', 29),
('Acuña', 'Marcos', '1991-10-28', 'Argentina', 'Defensor', 29),
('Telles', 'Alex', '1992-12-15', 'Brasil', 'Defensor', 29),
('Pérez', 'Pablo', '2001-08-18', 'España', 'Defensor', 29),
('Hormigo', 'Diego', '2003-04-16', 'España', 'Defensor', 29),
('Montiel', 'Gonzalo', '1997-01-01', 'Argentina', 'Defensor', 29),
('Carmona', 'José Ángel', '2002-01-29', 'España', 'Defensor', 29),
('Navas', 'Jesús', '1985-11-21', 'España', 'Defensor', 29),
('Gueye', 'Pape', '1999-01-24', 'Senegal', 'Mediocampista', 29),
('Reges', 'Fernando', '1987-07-25', 'Brasil', 'Mediocampista', 29),
('Ortiz', 'Pedro', '2000-08-19', 'España', 'Mediocampista', 29),
('Jordán', 'Joan', '1994-07-06', 'España', 'Mediocampista', 29),
('Torres', 'Óliver', '1994-11-10', 'España', 'Mediocampista', 29),
('Rakitic', 'Ivan', '1988-03-10', 'Croacia', 'Mediocampista', 29),
('Delaney', 'Thomas', '1991-03-09', 'Dinamarca', 'Mediocampista', 29),
('Bueno', 'Manu', '2004-07-27', 'España', 'Mediocampista', 29),
('Sintes', 'Xavi', '2001-08-05', 'España', 'Mediocampista', 29),
('Isco', 'Alarcon', '1992-04-21', 'España', 'Mediocampista', 29),
('Álvarez', 'Carlos', '2003-08-06', 'España', 'Mediocampista', 29),
('Quintana', 'Nacho', '2001-02-23', 'España', 'Mediocampista', 29),
('Gil', 'Bryan', '2001-02-11', 'España', 'Delantero', 29),
('Ocampos', 'Lucas', '1994-07-11', 'Argentina', 'Delantero', 29),
('Gómez', 'Papu', '1988-02-15', 'Argentina', 'Delantero', 29),
('Lamela', 'Erik', '1992-03-04', 'Argentina', 'Mediocampista', 29),
('Corona', 'Jesús', '1993-01-06', 'México', 'Mediocampista', 29),
('Januzaj', 'Adnan', '1995-02-05', 'Bélgica', 'Mediocampista', 29),
('Suso', 'Suso', '1993-11-19', 'España', 'Mediocampista', 29),
('El Haddadi', 'Munir', '1995-09-01', 'Marruecos', 'Mediocampista', 29),
('En-Nesyri', 'Youssef', '1997-06-01', 'Marruecos', 'Delantero', 29),
('Mir', 'Rafa', '1997-06-18', 'España', 'Delantero', 29),
('Dolberg', 'Kasper', '1997-10-06', 'Dinamarca', 'Delantero', 29),
('Romero', 'Iván', '2001-04-10', 'España', 'Delantero', 29), 
('McCrorie', 'Robby', '1998-03-18', 'Escocia', 'Portero', 30),
('McGregor', 'Allan', '1982-01-31', 'Escocia', 'Portero', 30),
('McLaughlin', 'Jon', '1987-09-09', 'Escocia', 'Portero', 30),
('Wright', 'Kieran', '2000-04-01', 'Escocia', 'Portero', 30),
('Budinauckas', 'Lewis', '2002-06-19', 'Escocia', 'Portero', 30),
('Goldson', 'Connor', '1992-12-18', 'Inglaterra', 'Defensor', 30),
('Davies', 'Ben', '1995-08-11', 'Inglaterra', 'Defensor', 30),
('Sands', 'James', '2000-07-06', 'Estados Unidos', 'Defensor', 30),
('Helander', 'Filip', '1993-04-22', 'Suecia', 'Defensor', 30),
('Souttar', 'John', '1996-09-25', 'Escocia', 'Defensor', 30),
('King', 'Leon', '2004-01-14', 'Escocia', 'Defensor', 30),
('Mayo', 'Lewis', '2000-03-19', 'Escocia', 'Defensor', 30),
('Allan', 'Connor', '2004-01-10', 'Escocia', 'Defensor', 30),
('Barisic', 'Borna', '1992-11-10', 'Croacia', 'Defensor', 30),
('Yılmaz', 'Rıdvan', '2001-05-21', 'Turquía', 'Defensor', 30),
('Fraser', 'Robbie', '2003-04-02', 'Escocia', 'Defensor', 30),
('Yfeko', 'Johnly', '2003-06-23', 'Inglaterra', 'Defensor', 30),
('Tavernier', 'James', '1991-10-31', 'Inglaterra', 'Defensor', 30),
('Devine', 'Adam', '2003-03-25', 'Escocia', 'Defensor', 30),
('McCann', 'Charlie', '2002-04-24', 'Irlanda del Norte', 'Mediocampista', 30),
('Rice', 'Bailey', '2006-10-04', 'Escocia', 'Mediocampista', 30),
('Nsio', 'Paul', '2006-03-15', 'Inglaterra', 'Mediocampista', 30),
('Lundstram', 'John', '1994-02-18', 'Inglaterra', 'Mediocampista', 30),
('Raskin', 'Nicolas', '2001-02-23', 'Bélgica', 'Mediocampista', 30),
('Kamara', 'Glen', '1995-10-28', 'Finlandia', 'Mediocampista', 30),
('Jack', 'Ryan', '1992-02-27', 'Escocia', 'Mediocampista', 30),
('Arfield', 'Scott', '1988-11-01', 'Canadá', 'Mediocampista', 30),
('Davis', 'Steven', '1985-01-01', 'Irlanda del Norte', 'Mediocampista', 30),
('Ofoborh', 'Nnamdi', '1999-11-07', 'Nigeria', 'Mediocampista', 30),
('Williamson', 'Ben', '2001-08-07', 'Escocia', 'Mediocampista', 30),
('McPake', 'Josh', '2001-08-31', 'Escocia', 'Mediocampista', 30),
('Cantwell', 'Todd', '1998-02-27', 'Inglaterra', 'Mediocampista', 30),
('Tillman', 'Malik', '2002-05-28', 'Estados Unidos', 'Mediocampista', 30),
('Lowry', 'Alex', '2003-04-21', 'Escocia', 'Mediocampista', 30),
('Diallo', 'Amad', '2002-07-11', 'Costa de Marfil', 'Delantero', 30),
('Matondo', 'Rabbi', '2000-09-09', 'Gales', 'Delantero', 30),
('Morelos', 'Alfredo', '1996-06-21', 'Colombia', 'Delantero', 30),
('Sakala', 'Fashion', '1997-03-14', 'Zambia', 'Delantero', 30),
('Colak', 'Antonio', '1993-09-17', 'Croacia', 'Delantero', 30),
('Kent', 'Ryan', '1996-11-11', 'Inglaterra', 'Delantero', 30),
('Wright', 'Scott', '1997-08-08', 'Escocia', 'Delantero', 30),
('Itten', 'Cedric', '1996-12-27', 'Suiza', 'Delantero', 30),
('McCausland', 'Ross', '2004-06-30', 'Escocia', 'Delantero', 30),
('Trubin', 'Anatoliy', '2001-08-01', 'Ucrania', 'Portero', 31),
('Riznyk', 'Dmytro', '1999-01-30', 'Ucrania', 'Portero', 31),
('Pyatov', 'Andriy', '1984-06-28', 'Ucrania', 'Portero', 31),
('Shevchenko', 'Oleksiy', '1992-02-24', 'Ucrania', 'Portero', 31),
('Puzankov', 'Tymur', '2003-03-04', 'Ucrania', 'Portero', 31),
('Matvienko', 'Mykola', '1996-05-02', 'Ucrania', 'Defensor', 31),
('Bondar', 'Valeriy', '1999-02-27', 'Ucrania', 'Defensor', 31),
('Kryvtsov', 'Sergiy', '1991-03-15', 'Ucrania', 'Defensor', 31),
('Rakitskyi', 'Yaroslav', '1989-08-03', 'Ucrania', 'Defensor', 31),
('Faryna', 'Maryan', '2003-08-28', 'Ucrania', 'Defensor', 31),
('Kozik', 'Eduard', '2003-04-19', 'Ucrania', 'Defensor', 31),
('Mykhaylichenko', 'Bogdan', '1997-03-21', 'Ucrania', 'Defensor', 31),
('Kornienko', 'Viktor', '1999-02-14', 'Ucrania', 'Defensor', 31),
('Konoplya', 'Yukhym', '1999-08-26', 'Ucrania', 'Defensor', 31),
('Gocholeishvili', 'Giorgi', '2001-02-14', 'Georgia', 'Defensor', 31),
('Taylor', 'Lucas', '1995-04-10', 'Brasil', 'Defensor', 31),
('Stepanenko', 'Taras', '1989-08-08', 'Ucrania', 'Mediocampista', 31),
('Djurasek', 'Neven', '1998-08-15', 'Croacia', 'Mediocampista', 31),
('Kryskiv', 'Dmytro', '2000-10-06', 'Ucrania', 'Mediocampista', 31),
('Nazaryna', 'Yegor', '1997-07-10', 'Ucrania', 'Mediocampista', 31),
('Sudakov', 'Georgiy', '2002-09-01', 'Ucrania', 'Mediocampista', 31),
('Bondarenko', 'Artem', '2000-08-21', 'Ucrania', 'Mediocampista', 31),
('Totovytskyi', 'Andriy', '1993-01-20', 'Ucrania', 'Mediocampista', 31),
('Ocheretko', 'Oleg', '2003-05-25', 'Ucrania', 'Mediocampista', 31),
('Mudryk', 'Mykhaylo', '2001-01-05', 'Ucrania', 'Delantero', 31),
('Petryak', 'Ivan', '1994-03-13', 'Ucrania', 'Delantero', 31),
('Topalov', 'Dmytro', '1998-03-12', 'Ucrania', 'Delantero', 31),
('Toirov', 'Khusrav', '2004-08-01', 'Tayikistán', 'Delantero', 31),
('Glushchenko', 'Anton', '2004-04-20', 'Ucrania', 'Delantero', 31),
('Zubkov', 'Oleksandr', '1996-08-03', 'Ucrania', 'Delantero', 31),
('Shved', 'Maryan', '1997-07-16', 'Ucrania', 'Delantero', 31),
('Traoré', 'Lassina', '2001-01-12', 'Burkina Faso', 'Delantero', 31),
('Sikan', 'Danylo', '2001-04-16', 'Ucrania', 'Delantero', 31),
('Kelsy', 'Kevin', '2004-07-27', 'Venezuela', 'Delantero', 31),
('Kulakov', 'Andriy', '1999-04-28', 'Ucrania', 'Delantero', 31),
('Boryachuk', 'Andriy', '1996-04-23', 'Ucrania', 'Delantero', 31),
('Rulli', 'Gerónimo', '1992-05-20', 'Argentina', 'Portero', 32),
('Gorter', 'Jay', '2000-05-30', 'Países Bajos', 'Portero', 32),
('de Graaff', 'Tom', '2004-12-10', 'Países Bajos', 'Portero', 32),
('Pasveer', 'Remko', '1983-11-08', 'Países Bajos', 'Portero', 32),
('Stekelenburg', 'Maarten', '1982-09-22', 'Países Bajos', 'Portero', 32),
('Timber', 'Jurrien', '2001-06-17', 'Países Bajos', 'Defensor', 32),
('Schuurs', 'Perr', '1999-11-26', 'Países Bajos', 'Defensor', 32),
('Bassey', 'Calvin', '1999-12-31', 'Nigeria', 'Defensor', 32),
('Kaplan', 'Ahmetcan', '2003-01-16', 'Turquía', 'Defensor', 32),
('Hato', 'Jorrel', '2006-03-07', 'Países Bajos', 'Defensor', 32),
('Blind', 'Daley', '1990-03-09', 'Países Bajos', 'Defensor', 32),
('Magallán', 'Lisandro', '1993-09-27', 'Argentina', 'Defensor', 32),
('Aertssen', 'Olivier', '2004-08-07', 'Países Bajos', 'Defensor', 32),
('Gooijer', 'Tristan', '2004-09-02', 'Países Bajos', 'Defensor', 32),
('Wijndal', 'Owen', '1999-11-28', 'Países Bajos', 'Defensor', 32),
('Baas', 'Youri', '2003-03-17', 'Países Bajos', 'Defensor', 32),
('Rensch', 'Devyne', '2003-01-18', 'Países Bajos', 'Defensor', 32),
('Sánchez', 'Jorge', '1997-12-10', 'México', 'Defensor', 32),
('Klaiber', 'Sean', '1994-07-31', 'Surinam', 'Defensor', 32),
('Álvarez', 'Edson', '1997-10-24', 'México', 'Mediocampista', 32),
('Grillitsch', 'Florian', '1995-08-07', 'Austria', 'Mediocampista', 32),
('Vos', 'Silvano', '2005-03-16', 'Países Bajos', 'Mediocampista', 32),
('Warmerdam', 'Donny', '2002-01-02', 'Países Bajos', 'Mediocampista', 32),
('Taylor', 'Kenneth', '2002-05-16', 'Países Bajos', 'Mediocampista', 32),
('Klaassen', 'Davy', '1993-02-21', 'Países Bajos', 'Mediocampista', 32),
('Regeer', 'Youri', '2003-08-18', 'Países Bajos', 'Mediocampista', 32),
('Fitz-Jim', 'Kian', '2003-07-05', 'Países Bajos', 'Mediocampista', 32),
('Kudus', 'Mohammed', '2000-08-02', 'Ghana', 'Mediocampista', 32),
('Berghuis', 'Steven', '1991-12-19', 'Países Bajos', 'Mediocampista', 32),
('Jensen', 'Victor', '2000-02-08', 'Dinamarca', 'Mediocampista', 32),
('Hlynsson', 'Kristian', '2004-01-23', 'Islandia', 'Mediocampista', 32),
('Bergwijn', 'Steven', '1997-10-08', 'Países Bajos', 'Mediocampista', 32),
('Ocampos', 'Lucas', '1994-07-11', 'Argentina', 'Delantero', 32),
('Daramy', 'Mohamed', '2002-01-07', 'Dinamarca', 'Delantero', 32),
('Tadic', 'Dusan', '1988-11-20', 'Serbia', 'Delantero', 32),
('Ünüvar', 'Naci', '2003-06-13', 'Turquía', 'Delantero', 32),
('Godts', 'Mika', '2005-06-07', 'Bélgica', 'Delantero', 32),
('Banel', 'Jaydon', '2004-10-19', 'Países Bajos', 'Delantero', 32),
('dos Santos ', 'Antony', '2000-02-24', 'Brasil', 'Delantero', 32),
('Conceição', 'Francisco', '2002-12-14', 'Portugal', 'Delantero', 32),
('Brobbey', 'Brian', '2002-02-01', 'Países Bajos', 'Delantero', 32),
('Lucca', 'Lorenzo', '2000-09-10', 'Italia', 'Delantero', 32),
('Rasmussen', 'Christian', '2003-01-19', 'Dinamarca', 'Delantero', 32);
INSERT INTO arbitro (apellido, nombre, nacionalidad) VALUES 
('Marciniak', 'Szymon', 'Polonia'),
('Gil Manzano', 'Jesús', 'España'),
('Oliver', 'Michael', 'Inglaterra'),
('Orsato', 'Daniele', 'Italia'),
('Turpin', 'Clément', 'Francia'),
('Jovanović', 'Srđan', 'Serbia'),
('Kovács', 'István', 'Rumania'),
('Makkelie', 'Danny', 'Países Bajos'),
('Schärer', 'Sandro', 'Suiza'),
('Taylor', 'Anthony', 'Inglaterra'),
('Vinčić', 'Slavko', 'Eslovenia'),
('Del Cerro Grande', 'Carlos', 'España'),
('Dias', 'Artur', 'Portugal'),
('Letexier', 'François', 'Francia'),
('Massa', 'Davide', 'Italia'),
('Zwayer', 'Felix', 'Alemania'),
('Grinfeld', 'Orel', 'Israel'),
('Kružliak', 'Ivan', 'Eslovaquia'),
('Mariani', 'Maurizio', 'Italia'),
('Mateu Lahoz', 'Antonio', 'España'),
('Meler', 'Halil', 'Turquía'),
('Stieler', 'Tobias', 'Alemania'),
('Ekberg', 'Andreas', 'Suecia'),
('Gözübüyük', 'Serdar', 'Países Bajos'),
('Nyberg', 'Glenn', 'Suecia'),
('Peljto', 'Irfan', 'Bosnia y Herzegovina'),
('Sánchez Martínez', 'José', 'España'),
('Siebert', 'Daniel', 'Alemania'),
('Ağayev', 'Äliyar', 'Azerbaiyán'),
('Bastien', 'Benoît', 'Francia'),
('Dabanović', 'Nikola', 'Montenegro'),
('Eskås', 'Espen', 'Noruega'),
('Frankowski', 'Bartosz', 'Polonia'),
('Frappart', 'Stéphanie', 'Francia'),
('Hernández Hernández', 'Alejandro', 'España'),
('Petrescu', 'Radu', 'Rumania'),
('Pinheiro', 'João', 'Portugal'),
('Rumšas', 'Donatas', 'Lituania'),
('Sidiropoulos', 'Anasthasios', 'Grecia'),
('Treimanis', 'Andris', 'Letonia'),
('Visser', 'Lawrence', 'Bélgica');
INSERT INTO FaseEliminatoria (Nombre) VALUES
('Octavos'),
('Cuartos'),
('Semis'),
('Final');
INSERT INTO Grupo (id_grupo) VALUES
('A'), ('B'), ('C'), ('D'),
('E'), ('F'), ('G'), ('H');
INSERT INTO Torneo (temporada) VALUES
('2000/01'), ('2001/02'), ('2002/03'),
('2003/04'), ('2004/05'), ('2005/06'),
('2006/07'), ('2007/08'), ('2008/09'),
('2009/10'), ('2010/11'), ('2011/12'),
('2012/13'), ('2013/14'), ('2014/15'),
('2015/16'), ('2016/17'), ('2017/18'),
('2018/19'), ('2019/20'), ('2020/21'),
('2021/22'), ('2022/23');
INSERT INTO HistoricoCampeones (ID_torneo, ID_equipo) VALUES 
(23, 3),  (22, 9), (21, 18), 
(20, 16), (19, 2),  (18, 9),  
(17, 9), (16, 9),  (15, 10),
(14, 9), (13, 16), (12, 18), 
(11, 10), (10, 31), (9, 10), 
(8, 25), (7, 5), (6, 10),  
(5, 2),  (4, 5), (3, 4),  
(2, 5), (1, 16);  
INSERT INTO Partido (fecha, id_local, id_visitante, id_arbitro, id_estadio, id_faseEliminatoria, id_grupo, ID_torneo) VALUES
('2022-09-07',32, 30, 1, 32, NULL, 'A', 22),
('2022-09-07',18, 2, 2, 18, NULL, 'A', 22),
('2022-09-13',2, 32, 3, 2, NULL, 'A', 22),
('2022-09-14',30, 18, 4, 30, NULL, 'A', 22),
('2022-10-04',32, 18, 1, 32, NULL, 'A', 22),
('2023-10-04',2, 30, 2, 2, NULL, 'A', 22),
('2022-10-12',18, 32, 3, 18, NULL, 'A', 22),
('2022-10-12',30, 2, 4, 30, NULL, 'A', 22),
('2022-10-26',32, 2, 1, 32, NULL, 'A', 22),
('2022-10-26',18, 30, 2, 18, NULL, 'A', 22),
('2022-12-11',30, 32, 3, 30, NULL, 'A', 22),
('2022-12-11',2, 18, 4, 2, NULL, 'A', 22),
('2022-09-07',1, 4, 5, 1, NULL, 'B', 22),
('2023-09-07',21, 15, 6, 21, NULL, 'B', 22),
('2022-09-13',15, 1, 7, 15, NULL, 'B', 22),
('2022-09-13',4, 21, 8, 4, NULL, 'B', 22),
('2022-10-04',21, 1, 5, 21, NULL, 'B', 22),
('2023-10-04',4, 15, 6, 4, NULL, 'B', 22),
('2022-10-12',1, 21, 7, 1, NULL, 'B', 22),
('2022-10-12',15, 4, 8, 15, NULL, 'B', 22),
('2022-10-26',21, 4, 5, 21, NULL, 'B', 22),
('2022-10-26',1, 15, 6, 1, NULL, 'B', 22),
('2022-12-11',4, 1, 7, 4, NULL, 'B', 22),
('2022-12-11',15, 21, 8, 15, NULL, 'B', 22),
('2022-09-07',8, 16, 9, 8, NULL, 'C', 22),
('2023-09-07',10, 22, 10, 10, NULL, 'C', 22),
('2022-09-13',22, 8, 11, 22, NULL, 'C', 22),
('2022-09-13',16, 10, 12, 16, NULL, 'C', 22),
('2022-10-04',16, 22, 9, 16, NULL, 'C', 22),
('2023-10-04',8, 10, 10, 8, NULL, 'C', 22),
('2022-10-12',22, 16, 11, 22, NULL, 'C', 22),
('2022-10-12',10, 8, 12, 10, NULL, 'C', 22),
('2022-10-26',8, 22, 9, 8, NULL, 'C', 22),
('2022-10-26',10, 16, 10, 10, NULL, 'C', 22),
('2022-12-11',16, 8, 11, 16, NULL, 'C', 22),
('2022-12-11',22, 10, 12, 22, NULL, 'C', 22),
('2022-09-07',23, 6, 13, 23, NULL, 'D', 22),
('2023-09-07',24, 28, 14, 24, NULL, 'D', 22),
('2022-09-13',6, 24, 15, 6, NULL, 'D', 22),
('2022-09-13',28, 23, 16, 28, NULL, 'D', 22),
('2022-10-04',28, 6, 13, 28, NULL, 'D', 22),
('2023-10-04',23, 24, 14, 23, NULL, 'D', 22),
('2022-10-12',24, 23, 15, 24, NULL, 'D', 22),
('2022-10-12',6, 28, 16, 6, NULL, 'D', 22),
('2022-10-26',23, 28, 13, 23, NULL, 'D', 22),
('2022-10-26',24, 6, 14, 24, NULL, 'D', 22),
('2022-12-11',6, 23, 15, 6, NULL, 'D', 22),
('2022-12-11',28, 24, 16, 28, NULL, 'D', 22),
('2022-09-06',27, 19, 17, 27, NULL, 'E', 22),
('2023-09-06',26, 5, 18, 26, NULL, 'E', 22),
('2022-09-14',5, 27, 19, 5, NULL, 'E', 22),
('2022-09-14',19, 26, 20, 19, NULL, 'E', 22),
('2022-10-05',26, 27, 17, 26, NULL, 'E', 22),
('2023-10-05',19, 5, 18, 19, NULL, 'E', 22),
('2022-10-11',5, 19, 19, 5, NULL, 'E', 22),
('2022-10-11',27, 26, 20, 27, NULL, 'E', 22),
('2022-10-25',26, 19, 17, 26, NULL, 'E', 22),
('2022-10-25',27, 5, 18, 27, NULL, 'E', 22),
('2022-12-21',5, 26, 19, 5, NULL, 'E', 22),
('2022-12-21',19, 27, 20, 19, NULL, 'E', 22),
('2022-09-06',20, 9, 21, 20, NULL, 'F', 22),
('2023-09-06',13, 31, 22, 13, NULL, 'F', 22),
('2022-09-14',31, 20, 23, 31, NULL, 'F', 22),
('2022-09-14',9, 13, 24, 9, NULL, 'F', 22),
('2022-10-05',13, 20, 21, 13, NULL, 'F', 22),
('2023-10-05',9, 31, 22, 9, NULL, 'F', 22),
('2022-10-11',20, 13, 23, 20, NULL, 'F', 22),
('2022-10-11',31, 9, 24, 31, NULL, 'F', 22),
('2022-10-25',20, 31, 21, 20, NULL, 'F', 22),
('2022-10-25',13, 9, 22, 13, NULL, 'F', 22),
('2022-12-21',9, 20, 23, 9, NULL, 'F', 22),
('2022-12-21',31, 13, 24, 31, NULL, 'F', 22),
('2022-09-06',11, 14, 25, 11, NULL, 'G', 22),
('2023-09-06',29, 3, 26, 29, NULL, 'G', 22),
('2022-09-14',3, 11, 27, 3, NULL, 'G', 22),
('2022-09-14',14, 29, 28, 14, NULL, 'G', 22),
('2022-10-05',29, 11, 25, 29, NULL, 'G', 22),
('2023-10-05',3, 14, 26, 3, NULL, 'G', 22),
('2022-10-11',14, 3, 27, 14, NULL, 'G', 22),
('2022-10-11',11, 29, 28, 11, NULL, 'G', 22),
('2022-10-25',29, 14, 25, 29, NULL, 'G', 22),
('2022-10-25',11, 3, 26, 11, NULL, 'G', 22),
('2022-12-21',14, 11, 27, 14, NULL, 'G', 22),
('2022-12-21',3, 29, 28, 3, NULL, 'G', 22),
('2022-09-06',25, 7, 29, 25, NULL, 'H', 22),
('2023-09-06',12, 17, 30, 12, NULL, 'H', 22),
('2022-09-14',7, 12, 31, 7, NULL, 'H', 22),
('2022-09-14',17, 25, 32, 17, NULL, 'H', 22),
('2022-10-05',7, 17, 29, 7, NULL, 'H', 22),
('2023-10-05',12, 25, 30, 12, NULL, 'H', 22),
('2022-10-11',17, 7, 31, 17, NULL, 'H', 22),
('2022-10-11',25, 12, 32, 25, NULL, 'H', 22),
('2022-10-25',12, 7, 29, 12, NULL, 'H', 22),
('2022-10-25',25, 17, 30, 25, NULL, 'H', 22),
('2022-11-02',7, 25, 31, 7, NULL, 'H', 22),
('2022-11-02',17, 12, 32, 17, NULL, 'H', 22),
('2023-02-14',5, 24, 33, 5, 1, NULL, 22),
('2023-02-14',25, 16, 34, 25, 1, NULL, 22),
('2023-02-15',21, 12, 35, 21, 1, NULL, 22),
('2023-02-15',11, 19, 36, 11, 1, NULL, 22),
('2023-02-21',2, 9, 37, 2, 1, NULL, 22),
('2023-02-21',23, 18, 38, 23, 1, NULL, 22),
('2023-02-22',13, 3, 39, 13, 1, NULL, 22),
('2023-02-22',8, 4, 40, 8, 1, NULL, 22),
('2023-03-07',12, 21, 41, 12, 1, NULL, 22),
('2023-03-07',19, 11, 4, 19, 1, NULL, 22),
('2023-03-08',16, 25, 5, 16, 1, NULL, 22),
('2023-03-08',24, 5, 6, 24, 1, NULL, 22),
('2023-03-14',3, 13, 7, 3, 1, NULL, 22),
('2023-03-14',4, 8, 8, 4, 1, NULL, 22),
('2023-03-15',9, 2, 9, 9, 1, NULL, 22),
('2023-03-15',18, 23, 10, 18, 1, NULL, 22),
('2023-04-11',12, 8, 11, 12, 2, NULL, 22),
('2023-04-11',3, 16, 12, 3, 2, NULL, 22),
('2023-04-12',9, 19, 13, 9, 2, NULL, 22),
('2023-04-12',5, 18, 14, 5, 2, NULL, 22),
('2023-04-18',19, 9, 15, 19, 2, NULL, 22),
('2023-04-18',18, 5, 16, 18, 2, NULL, 22),
('2023-04-19',8, 12, 17, 8, 2, NULL, 22),
('2023-04-19',16, 3, 18, 16, 2, NULL, 22),
('2027-06-29',9, 3, 13, 9, 3, NULL, 22),
('2023-05-10',5, 8, 2, 5, 3, NULL, 22),
('2023-05-16',8, 5, 5, 8, 3, NULL, 22),
('2023-05-17',3, 9, 1, 3, 3, NULL, 22),
('2023-06-10',3, 8, 1, 3, 4, NULL, 22);
INSERT TipoTarjeta(tipo) VALUES 
('Amarilla'), ('Roja');
INSERT Gol (minuto, id_jugador, id_partido) VALUES
(17,1120,1), -- (1129, 1) 
(32,1129,1), -- (1128,2) / (1,1047,1)
(34, 1128,1),
(80, 1132,1),
(5, 606,2), 
(31, 605,2), -- (606,6) 
(44, 618,2), -- (611,7)
(47, 606, 2), -- (602, 8)
(49, 52, 2), -- (36, 9) / (1,595,2), (1,38,2),  (1,49,2), 
(17, 59, 3), -- (53,10)
(27, 1117, 3), -- (1129, 11) 
(89, 33, 3), -- (37, 12) / (1,37,3) (1,1129,3), (1,1120,3), 
(68, 614, 4), 
(85, 614, 4), -- (598, 14)
(91, 608, 4), -- (605, 15)/ (2,1029,4) (1,614,4), (1,1039,4), (1,1044,4), (1,1035,4),  (1,1058,4)
(9, 1128, 5), -- (1124,16)
(18, 616, 5), -- (598.17)
(33, 600, 5), -- (611,18)
(45, 606, 5), -- (605,19)
(47, 616, 5), -- (605,20)
(63, 611, 5), -- (616,21)
(81, 618, 5),  -- (608,22) / (1,1106,5),(2,1135,5),(1,1128,5),(1,616,5)
(7, 30, 6),
(53, 59, 6), -- / (1,30,6), (1,1044,6)
(4, 613, 7), -- (606, 25)
(16, 616, 7),-- (611, 26)
(49, 1125, 7), -- (606, 27)
(62, 611, 7),
(83, 1132, 7),
(90, 617, 7), -- /(1,1132,7),(1,1124,7),(1,1120,7),(1,1118,7),(1,1108,7), (1,1106,7),(1,597,7)
(17, 1048, 8), -- (1047, 31)
(24, 58, 8),-- (37, 32)
(55, 58, 8),-- (31, 33)
(66, 57, 8),-- (58, 34)
(76, 59, 8),-- (53, 35)
(80, 59, 8),-- (53, 36)
(81, 59, 8),-- (53, 37)
(87, 43, 8), -- / (1,31,8) 
(87, 59, 9),-- (36, 39)
(87, 57, 9),-- (53, 40)
(87, 43, 9), -- (59, 41)
(11, 618, 10),-- (600, 42)
(16, 618, 10), -- (599, 43)
(80, 618, 10), -- (616, 44) / (1,594,10),(1,599,7),(1,1028,7),(1,1044,7)
(4, 1132, 11), -- (599, 45)
(29, 1128, 11),-- (1115, 46)
(87, 1039, 11),-- (1135, 47)
(89, 1140, 11), -- / (1,1117,11),(1,1124,11),(1,1140,11),
(89, 57, 12),
(89, 59, 12),  -- / (1,30,12), (1,32,12),  (1,57,12)
(92, 9, 13), -- (24, 51)
(96, 110, 13), 
(101, 21, 13),  -- (17,53) / (1, 13, 13), (1, 110, 13), (2,124,13), (1,116,13)  
(42, 692, 14), -- / (1,499, 14), (1, 500, 14), (1,498,14)
(84, 499, 15), -- (492,55)
(87, 510, 15), -- (492,56) / (1,488, 15), (1, 499, 15), (1,489,15) 
(15, 718, 16), 
(47, 719, 16), -- (718,58)
(52, 720, 16),  -- (693,59)
(89, 712, 16), -- (719,60) / (1,704,16) (1, 712, 16), (1,692,16)
(36, 719, 17), -- (718,61)
(62, 718, 17), -- (712,62) / (1,6,17) (1,10,17) (1,688,17), (1,704,17)
(69, 117, 18), -- (124,63) 
(87, 117, 18), -- (124,64) /  (2,492,18), (1, 110, 18),(1, 499, 18)
			  -- / (2,719,19), (1,6,19), (1,716,19)
(6, 117, 20), -- (95,66)
(53, 124, 20),
(64, 124, 20), -- / (1,504,20), (1,106,20)
(33, 124, 21),  -- (119, 69)
(57, 123, 21),
(60, 124, 21),
(70, 111, 21),-- (119, 72) / (1,55,20), (1,124,20), (1,692,20), (1,704,20), 
(9, 510, 22), -- (119,73)
(22, 18, 22),-- (21,74)
(29, 111, 22),-- (119,75)
(50, 12, 22),-- (18, 76) / (1,3,22) (1,11,22), (1,504,22), (1,486,22), 
(5, 124, 23), -- (123, 77)
(24, 111, 23), -- (117, 78)
(95, 18, 23), -- / (1,178,23), (1,100,23), (1,12,23),
				-- / (1,498,24), (1,700,24)
(25, 544, 25),-- (534, 81)
(66, 544, 25), -- /(1,520,25)
(13, 318, 26), --  (301,83)
(34, 332, 26), --  (310,84)
(44, 748, 26), --  (726,85)
(48, 332, 26), --  (326,86)
(67, 332, 26), --  (328,87)
(71, 328, 26), --  (326,88) / (1,726,26),  (1,749,26),
(71, 257, 27), -- (254,89) 
(71, 249, 27), -- (257,90) / (2,726,27),  (1,749,27),
(51, 522, 28),-- (534,91),
(54, 54, 28),-- (539,92) / (1,534,28),  (1,311,28),
(7, 544, 29), -- (539,93),
(13, 545, 29), -- (536,94),
(21, 541, 29),
(50, 544, 29),-- (541,96),
(59, 550, 29),-- (536,97),
(47, 240, 30),-- (236,98) / ,(1,236,3), (1,311,30), (1,316,30), (1,255,30)
(10, 541, 31),-- (536,99),
(14, 547, 31),-- (540,100),    	
(25, 536, 31),-- (541,101),    	
(35, 536, 31),-- (544,102),    	
(62, 744, 31),-- (749,103),    	
(75, 744, 31), -- (733,104),
(40, 326, 32),-- (310,105),
(50, 245, 32),-- (230,106),    	
(63, 251, 32),-- (230,107),    	
(82, 332, 32),    	
(89, 255, 32),-- (251,109),    	
(93, 332, 32), -- (303,110), / (1,310,32), (1,251, 32), (1,326,32),
(35, 246, 33),-- (230,111),  
(42, 257, 33),-- (236,112),
(66, 257, 33),-- (255,113),  
(87, 256, 33),-- (254,114), / (1,728,33), 	    	
(10, 541, 34),-- (545,115), 
(31, 550, 34),-- (545,116),
(95, 523, 34),-- (545,117), /(1,521,34),(1,536,34), (1,311,34),
(10, 541, 34),-- (545,118), 
(31, 550, 34),-- (545,119),
(32, 550, 35),-- (529,120), 
(72, 541, 35),-- (534,121), /   (1,529,35),(1,251,35),(1,532,35),
(6, 306, 36),-- (323,122),
(44, 328, 36),-- (307,123),
(51, 756, 36),
(54, 328, 36),-- (327,125),
(63, 756, 36),-- (744,126),
(75, 541, 36),-- (327,127),	 (1,328,36),(1,316,36),(1,739,36), 
(65, 177, 37), -- (180,128),	
(67, 195, 37), -- (191,129),	
(82, 177, 37),-- (180,130), /(1,180,37)(1,779,37)
(76, 118, 38),-- (818,131)
(80, 118, 38),-- (818,132) / (1,800,38),(2,947,38),(1,953,38), 
(90, 198, 39),-- (196,133)
(93, 198, 39), -- / (1,178,39),(1,191,39),(1,806,39), 
(43, 787, 40), -- / (1,771,40)
(1, 195, 41), -- (185,134),	
(13, 979, 41),
(17, 970, 41),-- (956,136),	
(28, 950, 41),-- (970,137),	
(84, 947, 41), -- / (2,164,41),(1,170,39),(1,182,41), 
			  -- / (1,826,42),(1,802,42)
(14, 788, 43),-- (782,139),	
(20, 825, 43),-- (826,140),	
(28, 826, 43),
(36, 825, 43),-- (782,142),	
(87, 792, 43),-- (789,143),	/ (2,767,43),(1,771,43),(1,800,43), 
(20, 962, 44),
(30, 979, 44),-- (970,145) / (2,196,44),(2,182,44),(1,953,44),
(3, 788, 45),-- (789,146),	
(22, 962, 45),-- (766,147),	
(27, 791, 45),-- (766,148),	 /(1,791,45),(1,962,45),(1,955,45),
(22, 185, 46),-- (198,149),	
(80, 814, 46),-- (818,150) / (1,799,46),(1,185,46),
(80, 185, 47),
(80, 788, 47),
(80, 791, 47), -- (785,153), / (1,780,47),(1,773,47),
(47, 947, 48), -- (965,154),
(54, 802, 48),-- (818,155),
(95, 813, 48),-- (826,156),/ (1,802,48),(1,813,48),(1,950,48),
(13, 934, 49),-- (940,157),/ (1,641,49),(1,928,49),
(28, 898, 50), -- (899,158),
(40, 158, 50),-- (156,159), /(1,143,50),(1,134,50),(1,887,50),
(45, 160, 51), 
(47, 158, 51),-- (156,161),
(56, 934, 51),-- (940,162),
(77, 150, 51),-- (140,163), /(1,934,51),
(48, 643, 52),-- (641,164),
(75, 898, 52),-- (900,165), / (1,631,52), (1,887,52),
(75, 898, 53),--  / (1,923,53), (1,940,53),
(24, 624, 54),
(56, 651, 54),-- (631,168),
(62, 631, 54),-- (643,169), / (1,637,54),(1,628,54),(1,134,54),(1,148,54),
(21, 633, 55),
(34, 651, 55),-- (641,171),/ (2,134,55),(1,160,55),(1,641,55),(1,643,55),
(12, 885, 56),
(40, 917, 56), -- / (2,893,56),(1,933,56)
(40, 637, 57),
(40, 900, 57),-- (870,175),
(40, 642, 57),-- (870,176), / (1,638,57),(1,893,57),
(39, 137, 58),-- (146,177),
(49, 156, 58),
(59, 160, 58),
(69, 156, 58), -- / (1,923,58),(1,153,58),
(14, 160, 59), -- (160,181), 
(46, 148, 59),-- (146,182), 
(57, 160, 59),
(91, 159, 59),-- (160,184),  / (1,898,59),
(7, 940, 60),
(181, 643, 60),-- (651,186), 
(30, 641, 60),-- (641,187),  / (1,627,60), (1,922,60), (1,933,60),
(56, 289, 61),-- (281,188), 
(60, 285, 61),-- (291,189), 
(77, 291, 61),-- (274,190),  / (1,273,60),
(16, 1095, 62),
(57, 421, 62),-- (274,192),
(58, 1095, 62),-- (1089,193),
(76, 1089, 62),-- (1085,194),
(85, 1096, 62),-- (1076,195),/ (1,1089,62), (1,421,62),(1,1065,62),
(10, 673, 63),
(29, 1089, 63),-- (1085, 197), /(1,657,63),
(10, 281, 64),-- (283, 198),
(29, 290, 64),-- (289, 199) /(1,274,64,)(1,435,64),
(27, 435, 65), -- (440, 200),
(47, 684, 65),-- (685, 201),
(64, 440, 65),-- (430, 202),
(77, 440, 65), -- (421, 203), /(1,434,65,), (1,674,65),
(13, 292, 66),
(28, 289, 66),-- (292, 205),
(39, 1094, 66),-- (1076, 206), / (1,1089,66),
(28, 439, 67),-- (440, 207),
(28, 437, 67),-- (439, 208), / (1,673,67),
(28, 1094, 68),-- (1076, 209),
(28, 269, 68),-- (283, 210),/ (1,204,68), (1,1078,68),
(34, 686, 69),
(58, 1089, 69),-- (1086, 212),/ (1,1071,69), (1,1078,69),
(13, 420, 70),
(18, 435, 70),
(44, 289, 70),-- (290, 215),
(81, 439, 70),-- (421, 216),
(94, 292, 70), -- / (1,275,70),
(6, 285, 71),
(21, 292, 71),
(51, 290, 71), -- (274, 220),
(61, 292, 71),-- (281, 221),
(71, 281, 71),-- (275, 222),
(84, 684, 71), -- / (1,685,71),
(10, 435, 72), -- (439, 224),
(50, 440, 72), -- (421, 225),
(62, 430, 72),-- (435, 226),
(68, 439, 72), -- /(1,1076,72),
(35, 361, 73), -- (359, 228),
(42, 346, 73),-- (360, 229),
(83, 358, 73),-- (360, 230), / (1,460,73),
(20, 92, 74),-- (84, 231),
(58, 88, 74),-- (74, 232),
(67, 92, 74),
(92, 65, 74),-- (74, 234),
(56, 358, 75),-- (361, 235),
(80, 67, 75),-- (84, 236),
(84, 92, 75),-- (74, 237), / (1,77,75),  (1,355,75), 
			 -- / (1,458,76),  (1,1001,76),  (1,462,76), 
(6, 346, 77),-- (358, 238),
(41, 358, 77),-- (355, 239),
(43, 363, 77),
(51, 1018, 77),-- (992, 241),
(75, 359, 77),-- (367, 242),/  (2,355,77),  (1,995,77), (1,990,77), (1,1013,77), 
(7, 92, 78),-- (74, 243),
(33, 92, 78),
(39, 74, 78),
(55, 90, 78),
(76, 93, 78),-- (90, 247), / (1,462,78),
			 -- /  (2,71,79),  (1,468,79),  (1,458,79),
(18, 986, 80),-- (1003, 248),
(35, 358, 80),-- (351, 249), /  (1,989,80),  (1,980,80), (1,355,80),
(36, 1018, 81), -- (1013, 250), 
(88, 1007, 81),-- (991, 251), 
(92, 995, 81),-- (1012, 252), /  (2,449,81),  (1,458,81), (1,995,81),
			  -- /  (1,82,82),  (1,343,82), (1,93,82),
(23, 468, 83),-- (458, 253),
(41, 365, 83),-- (352, 254), / (1,460,83),  (1,354,83),
(31, 1019, 84),-- (1007, 255),
(52, 75, 84),-- (92, 256),
(73, 92, 84),-- (84, 257),
(83, 90, 84),-- (92, 258),
(5, 860, 85),-- (842, 259),
(22, 860, 85),-- (857, 260),
(53, 214, 85),-- (217, 261), / (1,837,85),  (1,206,85), (1,205,85),
(50, 407, 86),-- (383, 262), 
(54, 383, 86),-- / (1,408,85),  (1,570,85),
(4, 222, 87),-- (383, 264), 
(43, 395, 87),
(45, 407, 87), -- / (1,390,87),  (1,206,87), (1,386,87),(1,203,87),
(24, 578, 88), -- (580, 267),
(37, 858, 88),
(69, 860, 88),-- (858, 269),
(88, 857, 88),-- (849, 270), / (1,857,88),  (1,580,88), (1,583,88)
(35, 212, 89),-- (219, 271),
(50, 220, 89),-- (219, 272),
(75, 563, 89),-- (578, 273),
(83, 212, 89),-- (219, 274), / (1,581,89),
(22, 858, 90),-- (257, 275),
(42, 390, 90), -- / (1,857,90),(1,849,90),(1,393,90),
(7, 583, 91),-- (563, 277),
(42, 583, 91),  -- (563, 271),/(1, 563, 91),(1, 211, 91),
(40, 860, 92), 
(62, 395, 92), -- / (1, 849, 92),(1, 381, 92),
(17, 376, 93),-- (393, 281),
(21, 221, 93),-- (212, 282),
(28, 395, 93),
(35, 393, 93),-- (257, 284),
(50, 395, 93),-- (394, 285),
(77, 222, 93),-- (221, 286),
(79, 214, 93),-- / (1, 393, 93),
(19, 858, 94), -- (860, 288),
(32, 860, 94),
(35, 857, 94),-- (583, 290),
(38, 555, 94),-- (860, 291),
(45, 858, 94),-- (858, 292),
(50, 555, 94),-- (569, 293),
(64, 860, 94),-- (842, 294),
(67, 857, 94),
(84, 853, 94),-- (858, 296), / (1, 569, 94),(1, 857, 94),(1, 837, 94),(1, 578, 94),
(13, 208, 95),-- (220, 297), 
(39, 839, 95),-- (858, 298), 
(69, 853, 95),-- (860, 299), / (1, 849, 95), (1, 207, 95),
(20, 408, 96),-- (381, 300), 
(26, 578, 96),
(59, 383, 96),-- (386, 302), 
(69, 383, 96),
(73, 408, 96),-- (407, 304), 
(88, 412, 96),-- (386, 305), 
(93, 395, 96),-- (396, 306), /(1, 573, 96), (1, 407, 96),
(7, 154, 97), -- /(1, 799, 97), (1, 140, 97),
(23, 540, 98),-- (529, 308), - /(1, 857, 98), (2, 523, 98),
(65, 395, 99),
(34, 407, 99), -- /(1, 704, 99), (2, 381, 99),
(49, 363, 100),-- (346, 311), /(1, 704, 100), (1, 342, 100),(1, 355, 100), (1, 358, 100),(1, 628, 100), (1, 631, 100),(1, 354, 100),
(4, 57, 101),-- (59, 312),
(15, 59, 101),
(21, 289, 101),-- (293, 314),
(36, 289, 101),
(47, 267, 101),-- (292, 316),
(55, 293, 101),-- (285, 317),
(67, 293, 101),-- (289, 318), /(1, 289, 101),
(43, 617, 102),-- (613, 319),
(64, 600, 102),-- (611, 320), / (1, 594, 102),( 2, 791, 102),
(82, 90, 103),-- (82, 321),
(91, 420, 103),-- (424, 322),
(86, 256, 104),-- (245, 323), / (2, 119, 104),( 1, 116, 104),
(38, 408, 105),
(45, 408, 105),-- (395, 325),
(47, 395, 105),-- (383, 326),
(57, 395, 105),
(71, 407, 105),
(78, 719, 105),
(43, 643, 106),
(53, 642, 106), -- / (1, 636, 106), (1, 342, 106),(1, 358, 106), (1, 350, 106),(1, 643, 106),
(45, 550, 107),-- (536, 332),
(64, 842, 107),-- (530, 333), / (1, 636, 107),
				 -- / (2, 799, 108), (1, 802, 108),(1, 136, 108), (1, 809, 108),
(22, 92, 109),
(24, 92, 109),-- (84, 335),
(47, 92, 109),
(49, 82, 109),-- (89, 337),
(53, 92, 109),
(57, 92, 109),
(93, 84, 109),-- (90, 340)  / (1, 84, 109), (1, 439, 109),
			 -- / (2, 116, 110), (1, 233, 110),(1, 257, 110), (1, 238, 110),
(43, 293, 111),-- (289, 341),
(27, 617, 112),
(33, 600, 112),-- (289, 343),
(52, 614, 112),-- (289, 344), / (1, 775, 112),(1, 789, 112),
(51, 245, 113),-- (230, 345),
(82, 256, 113), --  / (1, 241, 113),(1, 257, 113),
(27, 77, 114),-- (83, 347),
(70, 83, 114),-- (92, 348),
(76, 92, 114), -- (230, 349),  / (1, 83, 114),(1, 523, 114),
(21, 293, 115),
(74, 290, 115),-- (289, 351), / (2, 629, 115), (1, 624, 115),(1, 282, 115), (1, 274, 115),
(40, 147, 116),-- / (2, 605, 116), (1, 606, 116),(1, 600, 116), (1, 143, 116), (1, 147, 116), 
(58, 292, 117),-- (289, 353),
(84, 292, 117),-- (281, 354), / (1, 631, 117),(1, 267, 117),
(43, 160, 118),
(93, 394, 118),-- (616, 356),/(1, 600, 117),(1, 128, 117),
(14, 245, 119),-- (255, 357),
(38, 394, 119),-- (376, 358),
(65, 255, 119),-- (236, 359),
(78, 257, 119),-- (236, 360),
(86, 376, 119),-- (383, 361),
(95, 409, 119),-- (383, 362), / (1, 409, 119),(1, 407, 119),
(57, 92, 120),-- (84, 363),
(83, 534, 120), -- / (1, 521, 120),(1, 523, 120),(1, 66, 120),(1, 82, 120),
(47, 289, 121),-- (282, 365),
(56, 84, 121),-- (82, 366),/  (1, 282, 121),(1, 82, 121),
(8, 246, 122),-- (240, 367)
(11, 257, 122),-- (236, 368)  /  (1, 257, 122),(1, 82, 122),
(74, 256, 123),-- (236, 369)  /  (1, 134, 123),(1, 245, 123),(1, 245, 123),(1, 136, 123),
(23, 83, 124),-- (84, 370)
(37, 83, 124),
(76, 68, 124),-- (84, 372)
(91, 93, 124),-- (88, 373)/ (1, 282, 124),(1, 274, 124),(1, 65, 124),(1, 89, 124),(1, 82, 124),
(68, 77, 125);-- (83, 374) / (1, 92, 124),(1, 256, 125),(1, 61, 125),(1, 245, 125),(1, 225, 125),


